special_terms,model,rank,similarity,clause_key,child_text
"임차인은 만기일자보다 7일 먼저 퇴실하여야하고, 임대인은 월세+관리비를 포함한 금액에서 일할정산하여 준다.",embed_vertex,1,0.7186895608901978,민법_제629조_제2항,임차인이 전항의 규정에 위반한 때에는 임대인은 계약을 해지할 수 있다.
"임차인은 만기일자보다 7일 먼저 퇴실하여야하고, 임대인은 월세+관리비를 포함한 금액에서 일할정산하여 준다.",embed_vertex,2,0.7045539617538452,민법_제626조_제2항,임차인이 유익비를 지출한 경우에는 임대인은 임대차종료시에 그 가액의 증가가 현존한 때에 한하여 임차인의 지출한 금액이나 그 증가액을 상환하여야 한다. 이 경우에 법원은 임대인의 청구에 의하여 상당한 상환기간을 허여할 수 있다.
"임차인은 만기일자보다 7일 먼저 퇴실하여야하고, 임대인은 월세+관리비를 포함한 금액에서 일할정산하여 준다.",embed_vertex,3,0.7032652497291565,공인중개사법_제25조의3,"1. 「주택임대차보호법」 제3조의6제4항에 따라 확정일자부여기관에 정보제공을 요청할 수 있다는 사항
2. 「국세징수법」 제109조제1항ㆍ제2항 및 「지방세징수법」 제6조제1항ㆍ제3항에 따라 임대인이 납부하지 아니한 국세 및 지방세의 열람을 신청할 수 있다는 사항"
"임차인은 만기일자보다 7일 먼저 퇴실하여야하고, 임대인은 월세+관리비를 포함한 금액에서 일할정산하여 준다.",embed_vertex,4,0.7032538056373596,농지법 시행규칙_제20조의2_제2항,종료 명령을 받은 임차인 또는 사용대차인은 그 종료 명령을 받은 날부터 3개월 이내에 해당 계약을 종료하여야 한다.
"임차인은 만기일자보다 7일 먼저 퇴실하여야하고, 임대인은 월세+관리비를 포함한 금액에서 일할정산하여 준다.",embed_vertex,5,0.7023894190788269,상법_제163조_제2항,전항의 경우에 임치물을 반환함에는 2주간전에 예고하여야 한다.
"임차인은 만기일자보다 7일 먼저 퇴실하여야하고, 임대인은 월세+관리비를 포함한 금액에서 일할정산하여 준다.",embed_vertex,6,0.7018944621086121,주택임대차보호법_제6조의2_제1항,제6조제1항에 따라 계약이 갱신된 경우 같은 조 제2항에도 불구하고 임차인은 언제든지 임대인에게 계약해지(契約解止)를 통지할 수 있다. <개정 2009.5.8>
"임차인은 만기일자보다 7일 먼저 퇴실하여야하고, 임대인은 월세+관리비를 포함한 금액에서 일할정산하여 준다.",embed_vertex,7,0.7013202905654907,민법_제627조_제2항,전항의 경우에 그 잔존부분으로 임차의 목적을 달성할 수 없는 때에는 임차인은 계약을 해지할 수 있다.
"임차인은 만기일자보다 7일 먼저 퇴실하여야하고, 임대인은 월세+관리비를 포함한 금액에서 일할정산하여 준다.",embed_vertex,8,0.7010160684585571,민법_제719조_제3항,탈퇴당시에 완결되지 아니한 사항에 대하여는 완결후에 계산할 수 있다.
"임차인은 만기일자보다 7일 먼저 퇴실하여야하고, 임대인은 월세+관리비를 포함한 금액에서 일할정산하여 준다.",embed_vertex,9,0.6989354491233826,민법_제630조_제2항,전항의 규정은 임대인의 임차인에 대한 권리행사에 영향을 미치지 아니한다.
"임차인은 만기일자보다 7일 먼저 퇴실하여야하고, 임대인은 월세+관리비를 포함한 금액에서 일할정산하여 준다.",embed_vertex,10,0.6985810995101929,주택임대차보호법_제6조의2_제2항,제1항에 따른 해지는 임대인이 그 통지를 받은 날부터 3개월이 지나면 그 효력이 발생한다.
"임차인은 만기일자보다 7일 먼저 퇴실하여야하고, 임대인은 월세+관리비를 포함한 금액에서 일할정산하여 준다.",embed_vertex,11,0.6966207027435303,주택임대차보호법_제4조_제2항,임대차기간이 끝난 경우에도 임차인이 보증금을 반환받을 때까지는 임대차관계가 존속되는 것으로 본다.
"임차인은 만기일자보다 7일 먼저 퇴실하여야하고, 임대인은 월세+관리비를 포함한 금액에서 일할정산하여 준다.",embed_vertex,12,0.6961309909820557,주택임대차보호법_제6조_제3항,2기(期)의 차임액(借賃額)에 달하도록 연체하거나 그 밖에 임차인으로서의 의무를 현저히 위반한 임차인에 대하여는 제1항을 적용하지 아니한다.
"임차인은 만기일자보다 7일 먼저 퇴실하여야하고, 임대인은 월세+관리비를 포함한 금액에서 일할정산하여 준다.",embed_vertex,13,0.6936558485031128,상법_제82조_제3항,전2항의 규정은 당사자간에 다른 약정이 있으면 적용하지 아니한다.
"임차인은 만기일자보다 7일 먼저 퇴실하여야하고, 임대인은 월세+관리비를 포함한 금액에서 일할정산하여 준다.",embed_vertex,14,0.6935072541236877,민법_제610조_제3항,차주가 전2항의 규정에 위반한 때에는 대주는 계약을 해지할 수 있다.
"임차인은 만기일자보다 7일 먼저 퇴실하여야하고, 임대인은 월세+관리비를 포함한 금액에서 일할정산하여 준다.",embed_vertex,15,0.6913017630577087,주택임대차보호법_제6조의3_제1항,"제6조에도 불구하고 임대인은 임차인이 제6조제1항 전단의 기간 이내에 계약갱신을 요구할 경우 정당한 사유 없이 거절하지 못한다. 다만, 다음 각 호의 어느 하나에 해당하는 경우에는 그러하지 아니하다.
1. 임차인이 2기의 차임액에 해당하는 금액에 이르도록 차임을 연체한 사실이 있는 경우
2. 임차인이 거짓이나 그 밖의 부정한 방법으로 임차한 경우
3. 서로 합의하여 임대인이 임차인에게 상당한 보상을 제공한 경우
4. 임차인이 임대인의 동의 없이 목적 주택의 전부 또는 일부를 전대(轉貸)한 경우
5. 임차인이 임차한 주택의 전부 또는 일부를 고의나 중대한 과실로 파손한 경우
6. 임차한 주택의 전부 또는 일부가 멸실되어 임대차의 목적을 달성하지 못할 경우
7. 임대인이 다음 각 목의 어느 하나에 해당하는 사유로 목적 주택의 전부 또는 대부분을 철거하거나 재건축하기 위하여 목적 주택의 점유를 회복할 필요가 있는 경우
  가. 임대차계약 체결 당시 공사시기 및 소요기간 등을 포함한 철거 또는 재건축 계획을 임차인에게 구체적으로 고지하고 그 계획에 따르는 경우
  나. 건물이 노후ㆍ훼손 또는 일부 멸실되는 등 안전사고의 우려가 있는 경우
  다. 다른 법령에 따라 철거 또는 재건축이 이루어지는 경우
8. 임대인(임대인의 직계존속ㆍ직계비속을 포함한다)이 목적 주택에 실제 거주하려는 경우
9. 그 밖에 임차인이 임차인으로서의 의무를 현저히 위반하거나 임대차를 계속하기 어려운 중대한 사유가 있는 경우"
"임차인은 만기일자보다 7일 먼저 퇴실하여야하고, 임대인은 월세+관리비를 포함한 금액에서 일할정산하여 준다.",embed_vertex,16,0.6909288763999939,농지법_제24조의2_제4항,제1항부터 제3항까지의 규정에 따른 임대차 기간은 임대차계약을 연장 또는 갱신하거나 재계약을 체결하는 경우에도 동일하게 적용한다. <개정 2020.2.11>
"임차인은 만기일자보다 7일 먼저 퇴실하여야하고, 임대인은 월세+관리비를 포함한 금액에서 일할정산하여 준다.",embed_vertex,17,0.6904386281967163,주택임대차보호법_제6조의3_제3항,"갱신되는 임대차는 전 임대차와 동일한 조건으로 다시 계약된 것으로 본다. 다만, 차임과 보증금은 제7조의 범위에서 증감할 수 있다."
"임차인은 만기일자보다 7일 먼저 퇴실하여야하고, 임대인은 월세+관리비를 포함한 금액에서 일할정산하여 준다.",embed_vertex,18,0.6903784275054932,민법_제626조_제1항,임차인이 임차물의 보존에 관한 필요비를 지출한 때에는 임대인에 대하여 그 상환을 청구할 수 있다.
"임차인은 만기일자보다 7일 먼저 퇴실하여야하고, 임대인은 월세+관리비를 포함한 금액에서 일할정산하여 준다.",embed_vertex,19,0.6895448565483093,민법_제670조_제2항,목적물의 인도를 요하지 아니하는 경우에는 전항의 기간은 일의 종료한 날로부터 기산한다.
"임차인은 만기일자보다 7일 먼저 퇴실하여야하고, 임대인은 월세+관리비를 포함한 금액에서 일할정산하여 준다.",embed_vertex,20,0.6889780759811401,민법_제622조_제2항,건물이 임대차기간만료전에 멸실 또는 후폐한 때에는 전항의 효력을 잃는다.
"임차인은 만기일자보다 7일 먼저 퇴실하여야하고, 임대인은 월세+관리비를 포함한 금액에서 일할정산하여 준다.",embed_vertex,21,0.6884430646896362,민법_제635조_제1항,임대차기간의 약정이 없는 때에는 당사자는 언제든지 계약해지의 통고를 할 수 있다.
"임차인은 만기일자보다 7일 먼저 퇴실하여야하고, 임대인은 월세+관리비를 포함한 금액에서 일할정산하여 준다.",embed_vertex,22,0.687973141670227,주택임대차보호법_제6조의3_제4항,제1항에 따라 갱신되는 임대차의 해지에 관하여는 제6조의2를 준용한다.
"임차인은 만기일자보다 7일 먼저 퇴실하여야하고, 임대인은 월세+관리비를 포함한 금액에서 일할정산하여 준다.",embed_vertex,23,0.6868692636489868,주택임대차보호법_제6조의3_제6항,"제5항에 따른 손해배상액은 거절 당시 당사자 간에 손해배상액의 예정에 관한 합의가 이루어지지 않는 한 다음 각 호의 금액 중 큰 금액으로 한다.
1. 갱신거절 당시 월차임(차임 외에 보증금이 있는 경우에는 그 보증금을 제7조의2 각 호 중 낮은 비율에 따라 월 단위의 차임으로 전환한 금액을 포함한다. 이하 ""환산월차임""이라 한다)의 3개월분에 해당하는 금액
2. 임대인이 제3자에게 임대하여 얻은 환산월차임과 갱신거절 당시 환산월차임 간 차액의 2년분에 해당하는 금액
3. 제1항제8호의 사유로 인한 갱신거절로 인하여 임차인이 입은 손해액"
"임차인은 만기일자보다 7일 먼저 퇴실하여야하고, 임대인은 월세+관리비를 포함한 금액에서 일할정산하여 준다.",embed_vertex,24,0.6857709884643555,주택임대차보호법_제3조의7,"1. 제3조의6제3항에 따른 해당 주택의 확정일자 부여일, 차임 및 보증금 등 정보. 다만, 임대인이 임대차계약을 체결하기 전에 제3조의6제4항에 따라 동의함으로써 이를 갈음할 수 있다.
2. 「국세징수법」 제108조에 따른 납세증명서 및 「지방세징수법」 제5조제2항에 따른 납세증명서. 다만, 임대인이 임대차계약을 체결하기 전에 「국세징수법」 제109조제1항에 따른 미납국세와 체납액의 열람 및 「지방세징수법」 제6조제1항에 따른 미납지방세의 열람에 각각 동의함으로써 이를 갈음할 수 있다."
"임차인은 만기일자보다 7일 먼저 퇴실하여야하고, 임대인은 월세+관리비를 포함한 금액에서 일할정산하여 준다.",embed_vertex,25,0.685314953327179,공동주택관리법_제24조_제2항,"관리주체는 소유자가 공동주택의 소유권을 상실한 경우에는 제1항에 따라 징수한 관리비예치금을 반환하여야 한다. 다만, 소유자가 관리비ㆍ사용료 및 장기수선충당금 등을 미납한 때에는 관리비예치금에서 정산한 후 그 잔액을 반환할 수 있다."
"임차인은 만기일자보다 7일 먼저 퇴실하여야하고, 임대인은 월세+관리비를 포함한 금액에서 일할정산하여 준다.",embed_vertex,26,0.6852396726608276,부동산등기법_제74조,"1. 차임(借賃)
2. 범위
3. 차임지급시기
4. 존속기간. 다만, 처분능력 또는 처분권한 없는 임대인에 의한 「민법」 제619조의 단기임대차인 경우에는 그 뜻도 기록한다.
5. 임차보증금
6. 임차권의 양도 또는 임차물의 전대에 대한 임대인의 동의
7. 임차권설정 또는 임차물전대의 범위가 부동산의 일부인 때에는 그 부분을 표시한 도면의 번호"
"임차인은 만기일자보다 7일 먼저 퇴실하여야하고, 임대인은 월세+관리비를 포함한 금액에서 일할정산하여 준다.",embed_vertex,27,0.6852115392684937,농지법_제24조의2_제3항,"임대인은 제1항 및 제2항에도 불구하고 질병, 징집 등 대통령령으로 정하는 불가피한 사유가 있는 경우에는 임대차 기간을 제1항에 따른 기간 미만으로 정할 수 있다. <개정 2020.2.11>"
"임차인은 만기일자보다 7일 먼저 퇴실하여야하고, 임대인은 월세+관리비를 포함한 금액에서 일할정산하여 준다.",embed_vertex,28,0.6849849224090576,민법_제627조_제1항,"임차물의 일부가 임차인의 과실없이 멸실 기타 사유로 인하여 사용, 수익할 수 없는 때에는 임차인은 그 부분의 비율에 의한 차임의 감액을 청구할 수 있다."
"임차인은 만기일자보다 7일 먼저 퇴실하여야하고, 임대인은 월세+관리비를 포함한 금액에서 일할정산하여 준다.",embed_vertex,29,0.6847912073135376,민법_제639조_제2항,전항의 경우에 전임대차에 대하여 제삼자가 제공한 담보는 기간의 만료로 인하여 소멸한다.
"임차인은 만기일자보다 7일 먼저 퇴실하여야하고, 임대인은 월세+관리비를 포함한 금액에서 일할정산하여 준다.",embed_vertex,30,0.6845448613166809,민사집행법_제287조_제2항,제1항의 기간은 2주 이상으로 정하여야 한다.
"임차인은 만기일자보다 7일 먼저 퇴실하여야하고, 임대인은 월세+관리비를 포함한 금액에서 일할정산하여 준다.",embed_kure,1,0.645389199256897,민법_제622조_제2항,건물이 임대차기간만료전에 멸실 또는 후폐한 때에는 전항의 효력을 잃는다.
"임차인은 만기일자보다 7일 먼저 퇴실하여야하고, 임대인은 월세+관리비를 포함한 금액에서 일할정산하여 준다.",embed_kure,2,0.6451119780540466,농지법 시행규칙_제20조의2_제3항,시장ㆍ군수ㆍ구청장은 종료 명령을 한 경우에는 임대인에게 그 사실을 즉시 알려야 한다.
"임차인은 만기일자보다 7일 먼저 퇴실하여야하고, 임대인은 월세+관리비를 포함한 금액에서 일할정산하여 준다.",embed_kure,3,0.6424330472946167,주택임대차보호법_제6조_제3항,2기(期)의 차임액(借賃額)에 달하도록 연체하거나 그 밖에 임차인으로서의 의무를 현저히 위반한 임차인에 대하여는 제1항을 적용하지 아니한다.
"임차인은 만기일자보다 7일 먼저 퇴실하여야하고, 임대인은 월세+관리비를 포함한 금액에서 일할정산하여 준다.",embed_kure,4,0.631746232509613,주택임대차보호법_제6조의3_제3항,"갱신되는 임대차는 전 임대차와 동일한 조건으로 다시 계약된 것으로 본다. 다만, 차임과 보증금은 제7조의 범위에서 증감할 수 있다."
"임차인은 만기일자보다 7일 먼저 퇴실하여야하고, 임대인은 월세+관리비를 포함한 금액에서 일할정산하여 준다.",embed_kure,5,0.6314128637313843,민법_제629조_제2항,임차인이 전항의 규정에 위반한 때에는 임대인은 계약을 해지할 수 있다.
"임차인은 만기일자보다 7일 먼저 퇴실하여야하고, 임대인은 월세+관리비를 포함한 금액에서 일할정산하여 준다.",embed_kure,6,0.6303733587265015,농지법 시행규칙_제20조의2_제2항,종료 명령을 받은 임차인 또는 사용대차인은 그 종료 명령을 받은 날부터 3개월 이내에 해당 계약을 종료하여야 한다.
"임차인은 만기일자보다 7일 먼저 퇴실하여야하고, 임대인은 월세+관리비를 포함한 금액에서 일할정산하여 준다.",embed_kure,7,0.6291918754577637,주택임대차보호법_제4조_제2항,임대차기간이 끝난 경우에도 임차인이 보증금을 반환받을 때까지는 임대차관계가 존속되는 것으로 본다.
"임차인은 만기일자보다 7일 먼저 퇴실하여야하고, 임대인은 월세+관리비를 포함한 금액에서 일할정산하여 준다.",embed_kure,8,0.6261569857597351,주택임대차보호법_제6조의2_제2항,제1항에 따른 해지는 임대인이 그 통지를 받은 날부터 3개월이 지나면 그 효력이 발생한다.
"임차인은 만기일자보다 7일 먼저 퇴실하여야하고, 임대인은 월세+관리비를 포함한 금액에서 일할정산하여 준다.",embed_kure,9,0.6236870288848877,상법_제166조_제2항,전항의 기간은 임치물이 전부 멸실한 경우에는 임치인과 알고 있는 창고증권소지인에게 그 멸실의 통지를 발송한 날로부터 기산한다.
"임차인은 만기일자보다 7일 먼저 퇴실하여야하고, 임대인은 월세+관리비를 포함한 금액에서 일할정산하여 준다.",embed_kure,10,0.6231478452682495,민법_제627조_제2항,전항의 경우에 그 잔존부분으로 임차의 목적을 달성할 수 없는 때에는 임차인은 계약을 해지할 수 있다.
"임차인은 만기일자보다 7일 먼저 퇴실하여야하고, 임대인은 월세+관리비를 포함한 금액에서 일할정산하여 준다.",embed_kure,11,0.6221824288368225,도시 및 주거환경정비법_제61조_제4항,"사업시행자는 정비사업의 공사를 완료한 때에는 완료한 날부터 30일 이내에 임시거주시설을 철거하고, 사용한 건축물이나 토지를 원상회복하여야 한다."
"임차인은 만기일자보다 7일 먼저 퇴실하여야하고, 임대인은 월세+관리비를 포함한 금액에서 일할정산하여 준다.",embed_kure,12,0.6187353134155273,상법_제154조_제2항,물건이 전부 멸실된 경우에는 제1항의 기간은 고객이 그 시설에서 퇴거한 날부터 기산한다.
"임차인은 만기일자보다 7일 먼저 퇴실하여야하고, 임대인은 월세+관리비를 포함한 금액에서 일할정산하여 준다.",embed_kure,13,0.6157787442207336,주택임대차보호법_제4조_제1항,"기간을 정하지 아니하거나 2년 미만으로 정한 임대차는 그 기간을 2년으로 본다. 다만, 임차인은 2년 미만으로 정한 기간이 유효함을 주장할 수 있다."
"임차인은 만기일자보다 7일 먼저 퇴실하여야하고, 임대인은 월세+관리비를 포함한 금액에서 일할정산하여 준다.",embed_kure,14,0.6155880689620972,주택임대차보호법 시행령_제10조_제2항,임차인의 보증금 중 일정액이 주택가액의 2분의 1을 초과하는 경우에는 주택가액의 2분의 1에 해당하는 금액까지만 우선변제권이 있다.
"임차인은 만기일자보다 7일 먼저 퇴실하여야하고, 임대인은 월세+관리비를 포함한 금액에서 일할정산하여 준다.",embed_kure,15,0.6143821477890015,주택임대차보호법_제6조_제1항,임대인이 임대차기간이 끝나기 6개월 전부터 2개월 전까지의 기간에 임차인에게 갱신거절(更新拒絶)의 통지를 하지 아니하거나 계약조건을 변경하지 아니하면 갱신하지 아니한다는 뜻의 통지를 하지 아니한 경우에는 그 기간이 끝난 때에 전 임대차와 동일한 조건으로 다시 임대차한 것으로 본다. 임차인이 임대차기간이 끝나기 2개월 전까지 통지하지 아니한 경우에도 또한 같다. <개정 2020.6.9>
"임차인은 만기일자보다 7일 먼저 퇴실하여야하고, 임대인은 월세+관리비를 포함한 금액에서 일할정산하여 준다.",embed_kure,16,0.6129521131515503,민법_제626조_제1항,임차인이 임차물의 보존에 관한 필요비를 지출한 때에는 임대인에 대하여 그 상환을 청구할 수 있다.
"임차인은 만기일자보다 7일 먼저 퇴실하여야하고, 임대인은 월세+관리비를 포함한 금액에서 일할정산하여 준다.",embed_kure,17,0.6118243336677551,주택임대차보호법 시행령_제4조_제2항,"확정일자는 확정일자번호, 확정일자 부여일 및 확정일자부여기관을 주택임대차계약증서에 표시하는 방법으로 부여한다."
"임차인은 만기일자보다 7일 먼저 퇴실하여야하고, 임대인은 월세+관리비를 포함한 금액에서 일할정산하여 준다.",embed_kure,18,0.6104015111923218,민법_제626조_제2항,임차인이 유익비를 지출한 경우에는 임대인은 임대차종료시에 그 가액의 증가가 현존한 때에 한하여 임차인의 지출한 금액이나 그 증가액을 상환하여야 한다. 이 경우에 법원은 임대인의 청구에 의하여 상당한 상환기간을 허여할 수 있다.
"임차인은 만기일자보다 7일 먼저 퇴실하여야하고, 임대인은 월세+관리비를 포함한 금액에서 일할정산하여 준다.",embed_kure,19,0.6045249104499817,농지법_제24조의2_제4항,제1항부터 제3항까지의 규정에 따른 임대차 기간은 임대차계약을 연장 또는 갱신하거나 재계약을 체결하는 경우에도 동일하게 적용한다. <개정 2020.2.11>
"임차인은 만기일자보다 7일 먼저 퇴실하여야하고, 임대인은 월세+관리비를 포함한 금액에서 일할정산하여 준다.",embed_kure,20,0.6035218238830566,공동주택관리법_제65조의2_제2항,"입주자등, 입주자대표회의 및 관리주체 등은 경비원 등 근로자에게 적정한 보수를 지급하고, 처우개선과 인권존중을 위하여 노력하여야 한다."
"임차인은 만기일자보다 7일 먼저 퇴실하여야하고, 임대인은 월세+관리비를 포함한 금액에서 일할정산하여 준다.",embed_kure,21,0.6012964248657227,민법_제639조_제1항,"임대차기간이 만료한 후 임차인이 임차물의 사용, 수익을 계속하는 경우에 임대인이 상당한 기간내에 이의를 하지 아니한 때에는 전임대차와 동일한 조건으로 다시 임대차한 것으로 본다. 그러나 당사자는 제635조의 규정에 의하여 해지의 통고를 할 수 있다."
"임차인은 만기일자보다 7일 먼저 퇴실하여야하고, 임대인은 월세+관리비를 포함한 금액에서 일할정산하여 준다.",embed_kure,22,0.6012640595436096,민사집행법_제142조_제2항,매수인은 제1항의 대금지급기한까지 매각대금을 지급하여야 한다.
"임차인은 만기일자보다 7일 먼저 퇴실하여야하고, 임대인은 월세+관리비를 포함한 금액에서 일할정산하여 준다.",embed_kure,23,0.6010745763778687,주택임대차보호법_제6조의3_제2항,임차인은 제1항에 따른 계약갱신요구권을 1회에 한하여 행사할 수 있다. 이 경우 갱신되는 임대차의 존속기간은 2년으로 본다.
"임차인은 만기일자보다 7일 먼저 퇴실하여야하고, 임대인은 월세+관리비를 포함한 금액에서 일할정산하여 준다.",embed_kure,24,0.6006137132644653,주택임대차보호법 시행령_제10조_제4항,하나의 주택에 임차인이 2명 이상이고 이들이 그 주택에서 가정공동생활을 하는 경우에는 이들을 1명의 임차인으로 보아 이들의 각 보증금을 합산한다.
"임차인은 만기일자보다 7일 먼저 퇴실하여야하고, 임대인은 월세+관리비를 포함한 금액에서 일할정산하여 준다.",embed_kure,25,0.5987880229949951,민법_제637조_제1항,임차인이 파산선고를 받은 경우에는 임대차기간의 약정이 있는 때에도 임대인 또는 파산관재인은 제635조의 규정에 의하여 계약해지의 통고를 할 수 있다.
"임차인은 만기일자보다 7일 먼저 퇴실하여야하고, 임대인은 월세+관리비를 포함한 금액에서 일할정산하여 준다.",embed_kure,26,0.5951019525527954,민사집행법_제143조_제2항,채권자가 매수인인 경우에는 매각결정기일이 끝날 때까지 법원에 신고하고 배당받아야 할 금액을 제외한 대금을 배당기일에 낼 수 있다.
"임차인은 만기일자보다 7일 먼저 퇴실하여야하고, 임대인은 월세+관리비를 포함한 금액에서 일할정산하여 준다.",embed_kure,27,0.5949095487594604,지방세법_제95조_제4항,제3항에 따라 납부할 세액이 100만원을 초과하는 거주자는 대통령령으로 정하는 바에 따라 그 납부할 세액의 일부를 납부기한이 지난 후 2개월 이내에 분할납부할 수 있다. <신설 2023.3.14>
"임차인은 만기일자보다 7일 먼저 퇴실하여야하고, 임대인은 월세+관리비를 포함한 금액에서 일할정산하여 준다.",embed_kure,28,0.5947924852371216,민사집행법_제109조_제1항,매각결정기일은 매각기일부터 1주 이내로 정하여야 한다.
"임차인은 만기일자보다 7일 먼저 퇴실하여야하고, 임대인은 월세+관리비를 포함한 금액에서 일할정산하여 준다.",embed_kure,29,0.5946895480155945,공동주택관리법_제24조_제2항,"관리주체는 소유자가 공동주택의 소유권을 상실한 경우에는 제1항에 따라 징수한 관리비예치금을 반환하여야 한다. 다만, 소유자가 관리비ㆍ사용료 및 장기수선충당금 등을 미납한 때에는 관리비예치금에서 정산한 후 그 잔액을 반환할 수 있다."
"임차인은 만기일자보다 7일 먼저 퇴실하여야하고, 임대인은 월세+관리비를 포함한 금액에서 일할정산하여 준다.",embed_kure,30,0.5946140289306641,도시 및 주거환경정비법_제89조_제2항,제1항에도 불구하고 사업시행자는 정관등에서 분할징수 및 분할지급을 정하고 있거나 총회의 의결을 거쳐 따로 정한 경우에는 관리처분계획인가 후부터 제86조제2항에 따른 이전고시가 있은 날까지 일정 기간별로 분할징수하거나 분할지급할 수 있다.
"부동산의 소유권등기시은행업무 처리기간 확인후 그 기간동안 임차인은 전출하여야한다. 이때 근저당 원금 3.9억원이외의 권리변동(추가 근저당 및 압류등)시 임대인이 손해배상하고, 임차인의 전출 불이행으로 인해 임대인의 손해 발생 시 임차인이 손해배상 하기로한다.",embed_vertex,1,0.7092307209968567,민법_제621조_제1항,부동산임차인은 당사자간에 반대약정이 없으면 임대인에 대하여 그 임대차등기절차에 협력할 것을 청구할 수 있다.
"부동산의 소유권등기시은행업무 처리기간 확인후 그 기간동안 임차인은 전출하여야한다. 이때 근저당 원금 3.9억원이외의 권리변동(추가 근저당 및 압류등)시 임대인이 손해배상하고, 임차인의 전출 불이행으로 인해 임대인의 손해 발생 시 임차인이 손해배상 하기로한다.",embed_vertex,2,0.7004892826080322,민법_제576조_제3항,전2항의 경우에 매수인이 손해를 받은 때에는 그 배상을 청구할 수 있다.
"부동산의 소유권등기시은행업무 처리기간 확인후 그 기간동안 임차인은 전출하여야한다. 이때 근저당 원금 3.9억원이외의 권리변동(추가 근저당 및 압류등)시 임대인이 손해배상하고, 임차인의 전출 불이행으로 인해 임대인의 손해 발생 시 임차인이 손해배상 하기로한다.",embed_vertex,3,0.6977236270904541,민법_제389조_제4항,전3항의 규정은 손해배상의 청구에 영향을 미치지 아니한다.
"부동산의 소유권등기시은행업무 처리기간 확인후 그 기간동안 임차인은 전출하여야한다. 이때 근저당 원금 3.9억원이외의 권리변동(추가 근저당 및 압류등)시 임대인이 손해배상하고, 임차인의 전출 불이행으로 인해 임대인의 손해 발생 시 임차인이 손해배상 하기로한다.",embed_vertex,4,0.6966849565505981,주택임대차보호법_제6조의3_제5항,임대인이 제1항제8호의 사유로 갱신을 거절하였음에도 불구하고 갱신요구가 거절되지 아니하였더라면 갱신되었을 기간이 만료되기 전에 정당한 사유 없이 제3자에게 목적 주택을 임대한 경우 임대인은 갱신거절로 인하여 임차인이 입은 손해를 배상하여야 한다.
"부동산의 소유권등기시은행업무 처리기간 확인후 그 기간동안 임차인은 전출하여야한다. 이때 근저당 원금 3.9억원이외의 권리변동(추가 근저당 및 압류등)시 임대인이 손해배상하고, 임차인의 전출 불이행으로 인해 임대인의 손해 발생 시 임차인이 손해배상 하기로한다.",embed_vertex,5,0.6965101957321167,민법_제630조_제2항,전항의 규정은 임대인의 임차인에 대한 권리행사에 영향을 미치지 아니한다.
"부동산의 소유권등기시은행업무 처리기간 확인후 그 기간동안 임차인은 전출하여야한다. 이때 근저당 원금 3.9억원이외의 권리변동(추가 근저당 및 압류등)시 임대인이 손해배상하고, 임차인의 전출 불이행으로 인해 임대인의 손해 발생 시 임차인이 손해배상 하기로한다.",embed_vertex,6,0.6945496797561646,상법_제23조_제3항,제2항의 규정은 손해배상의 청구에 영향을 미치지 아니한다. <개정 1984.4.10>
"부동산의 소유권등기시은행업무 처리기간 확인후 그 기간동안 임차인은 전출하여야한다. 이때 근저당 원금 3.9억원이외의 권리변동(추가 근저당 및 압류등)시 임대인이 손해배상하고, 임차인의 전출 불이행으로 인해 임대인의 손해 발생 시 임차인이 손해배상 하기로한다.",embed_vertex,7,0.6940096616744995,민법_제758조_제3항,전2항의 경우 점유자 또는 소유자는 그 손해의 원인에 대한 책임있는 자에 대하여 구상권을 행사할 수 있다. <개정 2022.12.13>
"부동산의 소유권등기시은행업무 처리기간 확인후 그 기간동안 임차인은 전출하여야한다. 이때 근저당 원금 3.9억원이외의 권리변동(추가 근저당 및 압류등)시 임대인이 손해배상하고, 임차인의 전출 불이행으로 인해 임대인의 손해 발생 시 임차인이 손해배상 하기로한다.",embed_vertex,8,0.6935315132141113,민법_제727조_제2항,전항의 규정은 손해배상의 청구에 영향을 미치지 아니한다.
"부동산의 소유권등기시은행업무 처리기간 확인후 그 기간동안 임차인은 전출하여야한다. 이때 근저당 원금 3.9억원이외의 권리변동(추가 근저당 및 압류등)시 임대인이 손해배상하고, 임차인의 전출 불이행으로 인해 임대인의 손해 발생 시 임차인이 손해배상 하기로한다.",embed_vertex,9,0.6930795907974243,주택임대차보호법_제6조의3_제6항,"제5항에 따른 손해배상액은 거절 당시 당사자 간에 손해배상액의 예정에 관한 합의가 이루어지지 않는 한 다음 각 호의 금액 중 큰 금액으로 한다.
1. 갱신거절 당시 월차임(차임 외에 보증금이 있는 경우에는 그 보증금을 제7조의2 각 호 중 낮은 비율에 따라 월 단위의 차임으로 전환한 금액을 포함한다. 이하 ""환산월차임""이라 한다)의 3개월분에 해당하는 금액
2. 임대인이 제3자에게 임대하여 얻은 환산월차임과 갱신거절 당시 환산월차임 간 차액의 2년분에 해당하는 금액
3. 제1항제8호의 사유로 인한 갱신거절로 인하여 임차인이 입은 손해액"
"부동산의 소유권등기시은행업무 처리기간 확인후 그 기간동안 임차인은 전출하여야한다. 이때 근저당 원금 3.9억원이외의 권리변동(추가 근저당 및 압류등)시 임대인이 손해배상하고, 임차인의 전출 불이행으로 인해 임대인의 손해 발생 시 임차인이 손해배상 하기로한다.",embed_vertex,10,0.6893923282623291,부동산등기법_제72조_제1항,"등기관이 전세권설정이나 전전세(轉傳貰)의 등기를 할 때에는 제48조에서 규정한 사항 외에 다음 각 호의 사항을 기록하여야 한다. 다만, 제3호부터 제5호까지는 등기원인에 그 약정이 있는 경우에만 기록한다.
1. 전세금 또는 전전세금
2. 범위
3. 존속기간
4. 위약금 또는 배상금
5. 「민법」 제306조 단서의 약정
6. 전세권설정이나 전전세의 범위가 부동산의 일부인 경우에는 그 부분을 표시한 도면의 번호"
"부동산의 소유권등기시은행업무 처리기간 확인후 그 기간동안 임차인은 전출하여야한다. 이때 근저당 원금 3.9억원이외의 권리변동(추가 근저당 및 압류등)시 임대인이 손해배상하고, 임차인의 전출 불이행으로 인해 임대인의 손해 발생 시 임차인이 손해배상 하기로한다.",embed_vertex,11,0.6876327991485596,민법_제629조_제1항,임차인은 임대인의 동의없이 그 권리를 양도하거나 임차물을 전대하지 못한다.
"부동산의 소유권등기시은행업무 처리기간 확인후 그 기간동안 임차인은 전출하여야한다. 이때 근저당 원금 3.9억원이외의 권리변동(추가 근저당 및 압류등)시 임대인이 손해배상하고, 임차인의 전출 불이행으로 인해 임대인의 손해 발생 시 임차인이 손해배상 하기로한다.",embed_vertex,12,0.6871227025985718,상법_제82조_제3항,전2항의 규정은 당사자간에 다른 약정이 있으면 적용하지 아니한다.
"부동산의 소유권등기시은행업무 처리기간 확인후 그 기간동안 임차인은 전출하여야한다. 이때 근저당 원금 3.9억원이외의 권리변동(추가 근저당 및 압류등)시 임대인이 손해배상하고, 임차인의 전출 불이행으로 인해 임대인의 손해 발생 시 임차인이 손해배상 하기로한다.",embed_vertex,13,0.6855113506317139,민법_제425조_제2항,전항의 구상권은 면책된 날 이후의 법정이자 및 피할 수 없는 비용 기타 손해배상을 포함한다.
"부동산의 소유권등기시은행업무 처리기간 확인후 그 기간동안 임차인은 전출하여야한다. 이때 근저당 원금 3.9억원이외의 권리변동(추가 근저당 및 압류등)시 임대인이 손해배상하고, 임차인의 전출 불이행으로 인해 임대인의 손해 발생 시 임차인이 손해배상 하기로한다.",embed_vertex,14,0.6853052377700806,국가를 당사자로 하는 계약에 관한 법률 시행령_제113조_제3항,제2항에 따른 손해배상 또는 손실보상은 입찰 준비와 조정의 청구 과정에서 드는 비용으로 한정할 수 있다.
"부동산의 소유권등기시은행업무 처리기간 확인후 그 기간동안 임차인은 전출하여야한다. 이때 근저당 원금 3.9억원이외의 권리변동(추가 근저당 및 압류등)시 임대인이 손해배상하고, 임차인의 전출 불이행으로 인해 임대인의 손해 발생 시 임차인이 손해배상 하기로한다.",embed_vertex,15,0.6844568848609924,도시 및 주거환경정비법_제87조_제1항,대지 또는 건축물을 분양받을 자에게 제86조제2항에 따라 소유권을 이전한 경우 종전의 토지 또는 건축물에 설정된 지상권ㆍ전세권ㆍ저당권ㆍ임차권ㆍ가등기담보권ㆍ가압류 등 등기된 권리 및 「주택임대차보호법」 제3조제1항의 요건을 갖춘 임차권은 소유권을 이전받은 대지 또는 건축물에 설정된 것으로 본다.
"부동산의 소유권등기시은행업무 처리기간 확인후 그 기간동안 임차인은 전출하여야한다. 이때 근저당 원금 3.9억원이외의 권리변동(추가 근저당 및 압류등)시 임대인이 손해배상하고, 임차인의 전출 불이행으로 인해 임대인의 손해 발생 시 임차인이 손해배상 하기로한다.",embed_vertex,16,0.6843509674072266,하도급거래 공정화에 관한 법률_제35조의6_제4항,제3항에도 불구하고 손해액이 같은 항에 따른 금액을 초과하는 경우에는 그 초과액에 대해서도 손해배상을 청구할 수 있다. 이 경우 원사업자에게 고의 또는 중대한 과실이 없으면 법원은 손해배상액을 산정할 때 그 사실을 고려할 수 있다.
"부동산의 소유권등기시은행업무 처리기간 확인후 그 기간동안 임차인은 전출하여야한다. 이때 근저당 원금 3.9억원이외의 권리변동(추가 근저당 및 압류등)시 임대인이 손해배상하고, 임차인의 전출 불이행으로 인해 임대인의 손해 발생 시 임차인이 손해배상 하기로한다.",embed_vertex,17,0.6835286617279053,민법_제806조_제2항,전항의 경우에는 재산상 손해외에 정신상 고통에 대하여도 손해배상의 책임이 있다.
"부동산의 소유권등기시은행업무 처리기간 확인후 그 기간동안 임차인은 전출하여야한다. 이때 근저당 원금 3.9억원이외의 권리변동(추가 근저당 및 압류등)시 임대인이 손해배상하고, 임차인의 전출 불이행으로 인해 임대인의 손해 발생 시 임차인이 손해배상 하기로한다.",embed_vertex,18,0.6826107501983643,상법_제307조_제3항,전2항의 규정은 그 주식인수인에 대한 손해배상의 청구에 영향을 미치지 아니한다.
"부동산의 소유권등기시은행업무 처리기간 확인후 그 기간동안 임차인은 전출하여야한다. 이때 근저당 원금 3.9억원이외의 권리변동(추가 근저당 및 압류등)시 임대인이 손해배상하고, 임차인의 전출 불이행으로 인해 임대인의 손해 발생 시 임차인이 손해배상 하기로한다.",embed_vertex,19,0.682584285736084,민법_제315조_제1항,전세권의 목적물의 전부 또는 일부가 전세권자에 책임있는 사유로 인하여 멸실된 때에는 전세권자는 손해를 배상할 책임이 있다.
"부동산의 소유권등기시은행업무 처리기간 확인후 그 기간동안 임차인은 전출하여야한다. 이때 근저당 원금 3.9억원이외의 권리변동(추가 근저당 및 압류등)시 임대인이 손해배상하고, 임차인의 전출 불이행으로 인해 임대인의 손해 발생 시 임차인이 손해배상 하기로한다.",embed_vertex,20,0.6824657320976257,민법_제647조_제1항,건물 기타 공작물의 임차인이 적법하게 전대한 경우에 전차인이 그 사용의 편익을 위하여 임대인의 동의를 얻어 이에 부속한 물건이 있는 때에는 전대차의 종료시에 임대인에 대하여 그 부속물의 매수를 청구할 수 있다.
"부동산의 소유권등기시은행업무 처리기간 확인후 그 기간동안 임차인은 전출하여야한다. 이때 근저당 원금 3.9억원이외의 권리변동(추가 근저당 및 압류등)시 임대인이 손해배상하고, 임차인의 전출 불이행으로 인해 임대인의 손해 발생 시 임차인이 손해배상 하기로한다.",embed_vertex,21,0.681939959526062,주택임대차보호법_제3조의2_제3항,임차인은 임차주택을 양수인에게 인도하지 아니하면 제2항에 따른 보증금을 받을 수 없다.
"부동산의 소유권등기시은행업무 처리기간 확인후 그 기간동안 임차인은 전출하여야한다. 이때 근저당 원금 3.9억원이외의 권리변동(추가 근저당 및 압류등)시 임대인이 손해배상하고, 임차인의 전출 불이행으로 인해 임대인의 손해 발생 시 임차인이 손해배상 하기로한다.",embed_vertex,22,0.6815694570541382,민법_제575조_제2항,전항의 규정은 매매의 목적이 된 부동산을 위하여 존재할 지역권이 없거나 그 부동산에 등기된 임대차계약이 있는 경우에 준용한다.
"부동산의 소유권등기시은행업무 처리기간 확인후 그 기간동안 임차인은 전출하여야한다. 이때 근저당 원금 3.9억원이외의 권리변동(추가 근저당 및 압류등)시 임대인이 손해배상하고, 임차인의 전출 불이행으로 인해 임대인의 손해 발생 시 임차인이 손해배상 하기로한다.",embed_vertex,23,0.6807793378829956,부동산등기법_제62조,"1. 소유권의 보존 또는 이전
2. 소유권의 등기명의인표시의 변경 또는 경정
3. 소유권의 변경 또는 경정
4. 소유권의 말소 또는 말소회복"
"부동산의 소유권등기시은행업무 처리기간 확인후 그 기간동안 임차인은 전출하여야한다. 이때 근저당 원금 3.9억원이외의 권리변동(추가 근저당 및 압류등)시 임대인이 손해배상하고, 임차인의 전출 불이행으로 인해 임대인의 손해 발생 시 임차인이 손해배상 하기로한다.",embed_vertex,24,0.6804882287979126,민법_제630조_제1항,임차인이 임대인의 동의를 얻어 임차물을 전대한 때에는 전차인은 직접 임대인에 대하여 의무를 부담한다. 이 경우에 전차인은 전대인에 대한 차임의 지급으로써 임대인에게 대항하지 못한다.
"부동산의 소유권등기시은행업무 처리기간 확인후 그 기간동안 임차인은 전출하여야한다. 이때 근저당 원금 3.9억원이외의 권리변동(추가 근저당 및 압류등)시 임대인이 손해배상하고, 임차인의 전출 불이행으로 인해 임대인의 손해 발생 시 임차인이 손해배상 하기로한다.",embed_vertex,25,0.6804876327514648,민사집행법_제144조_제3항,제1항의 등기에 드는 비용은 매수인이 부담한다. <개정 2010.7.23>
"부동산의 소유권등기시은행업무 처리기간 확인후 그 기간동안 임차인은 전출하여야한다. 이때 근저당 원금 3.9억원이외의 권리변동(추가 근저당 및 압류등)시 임대인이 손해배상하고, 임차인의 전출 불이행으로 인해 임대인의 손해 발생 시 임차인이 손해배상 하기로한다.",embed_vertex,26,0.6800979375839233,신탁법_제118조_제2항,제1항에 따라 제3자에게 손해를 배상할 책임이 있는 수탁자가 여럿인 경우 연대하여 그 책임을 진다.
"부동산의 소유권등기시은행업무 처리기간 확인후 그 기간동안 임차인은 전출하여야한다. 이때 근저당 원금 3.9억원이외의 권리변동(추가 근저당 및 압류등)시 임대인이 손해배상하고, 임차인의 전출 불이행으로 인해 임대인의 손해 발생 시 임차인이 손해배상 하기로한다.",embed_vertex,27,0.6800087690353394,부동산등기법_제67조_제1항,등기관이 소유권의 일부에 관한 이전등기를 할 때에는 이전되는 지분을 기록하여야 한다. 이 경우 등기원인에 「민법」 제268조제1항 단서의 약정이 있을 때에는 그 약정에 관한 사항도 기록하여야 한다.
"부동산의 소유권등기시은행업무 처리기간 확인후 그 기간동안 임차인은 전출하여야한다. 이때 근저당 원금 3.9억원이외의 권리변동(추가 근저당 및 압류등)시 임대인이 손해배상하고, 임차인의 전출 불이행으로 인해 임대인의 손해 발생 시 임차인이 손해배상 하기로한다.",embed_vertex,28,0.6794785261154175,민법_제688조_제3항,수임인이 위임사무의 처리를 위하여 과실없이 손해를 받은 때에는 위임인에 대하여 그 배상을 청구할 수 있다.
"부동산의 소유권등기시은행업무 처리기간 확인후 그 기간동안 임차인은 전출하여야한다. 이때 근저당 원금 3.9억원이외의 권리변동(추가 근저당 및 압류등)시 임대인이 손해배상하고, 임차인의 전출 불이행으로 인해 임대인의 손해 발생 시 임차인이 손해배상 하기로한다.",embed_vertex,29,0.6793781518936157,민법_제639조_제2항,전항의 경우에 전임대차에 대하여 제삼자가 제공한 담보는 기간의 만료로 인하여 소멸한다.
"부동산의 소유권등기시은행업무 처리기간 확인후 그 기간동안 임차인은 전출하여야한다. 이때 근저당 원금 3.9억원이외의 권리변동(추가 근저당 및 압류등)시 임대인이 손해배상하고, 임차인의 전출 불이행으로 인해 임대인의 손해 발생 시 임차인이 손해배상 하기로한다.",embed_vertex,30,0.6793262958526611,상법_제423조_제3항,제2항의 규정은 신주의 인수인에 대한 손해배상의 청구에 영향을 미치지 아니한다. <개정 1984.4.10>
"부동산의 소유권등기시은행업무 처리기간 확인후 그 기간동안 임차인은 전출하여야한다. 이때 근저당 원금 3.9억원이외의 권리변동(추가 근저당 및 압류등)시 임대인이 손해배상하고, 임차인의 전출 불이행으로 인해 임대인의 손해 발생 시 임차인이 손해배상 하기로한다.",embed_kure,1,0.6743860244750977,주택임대차보호법_제3조의3_제5항,"임차인은 임차권등기명령의 집행에 따른 임차권등기를 마치면 제3조제1항ㆍ제2항 또는 제3항에 따른 대항력과 제3조의2제2항에 따른 우선변제권을 취득한다. 다만, 임차인이 임차권등기 이전에 이미 대항력이나 우선변제권을 취득한 경우에는 그 대항력이나 우선변제권은 그대로 유지되며, 임차권등기 이후에는 제3조제1항ㆍ제2항 또는 제3항의 대항요건을 상실하더라도 이미 취득한 대항력이나 우선변제권을 상실하지 아니한다. <개정 2013.8.13>"
"부동산의 소유권등기시은행업무 처리기간 확인후 그 기간동안 임차인은 전출하여야한다. 이때 근저당 원금 3.9억원이외의 권리변동(추가 근저당 및 압류등)시 임대인이 손해배상하고, 임차인의 전출 불이행으로 인해 임대인의 손해 발생 시 임차인이 손해배상 하기로한다.",embed_kure,2,0.6641716361045837,상법_제166조_제2항,전항의 기간은 임치물이 전부 멸실한 경우에는 임치인과 알고 있는 창고증권소지인에게 그 멸실의 통지를 발송한 날로부터 기산한다.
"부동산의 소유권등기시은행업무 처리기간 확인후 그 기간동안 임차인은 전출하여야한다. 이때 근저당 원금 3.9억원이외의 권리변동(추가 근저당 및 압류등)시 임대인이 손해배상하고, 임차인의 전출 불이행으로 인해 임대인의 손해 발생 시 임차인이 손해배상 하기로한다.",embed_kure,3,0.6483125686645508,민법_제626조_제2항,임차인이 유익비를 지출한 경우에는 임대인은 임대차종료시에 그 가액의 증가가 현존한 때에 한하여 임차인의 지출한 금액이나 그 증가액을 상환하여야 한다. 이 경우에 법원은 임대인의 청구에 의하여 상당한 상환기간을 허여할 수 있다.
"부동산의 소유권등기시은행업무 처리기간 확인후 그 기간동안 임차인은 전출하여야한다. 이때 근저당 원금 3.9억원이외의 권리변동(추가 근저당 및 압류등)시 임대인이 손해배상하고, 임차인의 전출 불이행으로 인해 임대인의 손해 발생 시 임차인이 손해배상 하기로한다.",embed_kure,4,0.6477715969085693,주택임대차보호법_제8조_제1항,임차인은 보증금 중 일정액을 다른 담보물권자(擔保物權者)보다 우선하여 변제받을 권리가 있다. 이 경우 임차인은 주택에 대한 경매신청의 등기 전에 제3조제1항의 요건을 갖추어야 한다.
"부동산의 소유권등기시은행업무 처리기간 확인후 그 기간동안 임차인은 전출하여야한다. 이때 근저당 원금 3.9억원이외의 권리변동(추가 근저당 및 압류등)시 임대인이 손해배상하고, 임차인의 전출 불이행으로 인해 임대인의 손해 발생 시 임차인이 손해배상 하기로한다.",embed_kure,5,0.6455467939376831,주택임대차보호법_제3조의2_제2항,제3조제1항ㆍ제2항 또는 제3항의 대항요건(對抗要件)과 임대차계약증서(제3조제2항 및 제3항의 경우에는 법인과 임대인 사이의 임대차계약증서를 말한다)상의 확정일자(確定日字)를 갖춘 임차인은 「민사집행법」에 따른 경매 또는 「국세징수법」에 따른 공매(公賣)를 할 때에 임차주택(대지를 포함한다)의 환가대금(換價代金)에서 후순위권리자(後順位權利者)나 그 밖의 채권자보다 우선하여 보증금을 변제(辨濟)받을 권리가 있다. <개정 2013.8.13>
"부동산의 소유권등기시은행업무 처리기간 확인후 그 기간동안 임차인은 전출하여야한다. 이때 근저당 원금 3.9억원이외의 권리변동(추가 근저당 및 압류등)시 임대인이 손해배상하고, 임차인의 전출 불이행으로 인해 임대인의 손해 발생 시 임차인이 손해배상 하기로한다.",embed_kure,6,0.6441709995269775,주택임대차보호법_제3조_제1항,임대차는 그 등기(登記)가 없는 경우에도 임차인(賃借人)이 주택의 인도(引渡)와 주민등록을 마친 때에는 그 다음 날부터 제삼자에 대하여 효력이 생긴다. 이 경우 전입신고를 한 때에 주민등록이 된 것으로 본다.
"부동산의 소유권등기시은행업무 처리기간 확인후 그 기간동안 임차인은 전출하여야한다. 이때 근저당 원금 3.9억원이외의 권리변동(추가 근저당 및 압류등)시 임대인이 손해배상하고, 임차인의 전출 불이행으로 인해 임대인의 손해 발생 시 임차인이 손해배상 하기로한다.",embed_kure,7,0.6331591606140137,주택임대차보호법 시행령_제10조_제2항,임차인의 보증금 중 일정액이 주택가액의 2분의 1을 초과하는 경우에는 주택가액의 2분의 1에 해당하는 금액까지만 우선변제권이 있다.
"부동산의 소유권등기시은행업무 처리기간 확인후 그 기간동안 임차인은 전출하여야한다. 이때 근저당 원금 3.9억원이외의 권리변동(추가 근저당 및 압류등)시 임대인이 손해배상하고, 임차인의 전출 불이행으로 인해 임대인의 손해 발생 시 임차인이 손해배상 하기로한다.",embed_kure,8,0.6323405504226685,주택임대차보호법 시행령_제5조,"1. 해당 주택의 임대인ㆍ임차인
2. 해당 주택의 소유자
3. 해당 주택 또는 그 대지의 등기기록에 기록된 권리자 중 법무부령으로 정하는 자
4. 법 제3조의2제7항에 따라 우선변제권을 승계한 금융기관
5. 법 제6조의3제1항제8호의 사유로 계약의 갱신이 거절된 임대차계약의 임차인이었던 자
6. 제1호부터 제5호까지의 규정에 준하는 지위 또는 권리를 가지는 자로서 법무부령으로 정하는 자"
"부동산의 소유권등기시은행업무 처리기간 확인후 그 기간동안 임차인은 전출하여야한다. 이때 근저당 원금 3.9억원이외의 권리변동(추가 근저당 및 압류등)시 임대인이 손해배상하고, 임차인의 전출 불이행으로 인해 임대인의 손해 발생 시 임차인이 손해배상 하기로한다.",embed_kure,9,0.6298787593841553,민법_제621조_제2항,부동산임대차를 등기한 때에는 그때부터 제삼자에 대하여 효력이 생긴다.
"부동산의 소유권등기시은행업무 처리기간 확인후 그 기간동안 임차인은 전출하여야한다. 이때 근저당 원금 3.9억원이외의 권리변동(추가 근저당 및 압류등)시 임대인이 손해배상하고, 임차인의 전출 불이행으로 인해 임대인의 손해 발생 시 임차인이 손해배상 하기로한다.",embed_kure,10,0.6295127868652344,민법_제626조_제1항,임차인이 임차물의 보존에 관한 필요비를 지출한 때에는 임대인에 대하여 그 상환을 청구할 수 있다.
"부동산의 소유권등기시은행업무 처리기간 확인후 그 기간동안 임차인은 전출하여야한다. 이때 근저당 원금 3.9억원이외의 권리변동(추가 근저당 및 압류등)시 임대인이 손해배상하고, 임차인의 전출 불이행으로 인해 임대인의 손해 발생 시 임차인이 손해배상 하기로한다.",embed_kure,11,0.6270235776901245,주택임대차보호법_제3조의4_제2항,"임차인이 대항력이나 우선변제권을 갖추고 「민법」 제621조제1항에 따라 임대인의 협력을 얻어 임대차등기를 신청하는 경우에는 신청서에 「부동산등기법」 제74조제1호부터 제6호까지의 사항 외에 다음 각 호의 사항을 적어야 하며, 이를 증명할 수 있는 서면(임대차의 목적이 주택의 일부분인 경우에는 해당 부분의 도면을 포함한다)을 첨부하여야 한다. <개정 2011.4.12, 2020.2.4>
1. 주민등록을 마친 날
2. 임차주택을 점유(占有)한 날
3. 임대차계약증서상의 확정일자를 받은 날"
"부동산의 소유권등기시은행업무 처리기간 확인후 그 기간동안 임차인은 전출하여야한다. 이때 근저당 원금 3.9억원이외의 권리변동(추가 근저당 및 압류등)시 임대인이 손해배상하고, 임차인의 전출 불이행으로 인해 임대인의 손해 발생 시 임차인이 손해배상 하기로한다.",embed_kure,12,0.6266862154006958,민법_제639조_제1항,"임대차기간이 만료한 후 임차인이 임차물의 사용, 수익을 계속하는 경우에 임대인이 상당한 기간내에 이의를 하지 아니한 때에는 전임대차와 동일한 조건으로 다시 임대차한 것으로 본다. 그러나 당사자는 제635조의 규정에 의하여 해지의 통고를 할 수 있다."
"부동산의 소유권등기시은행업무 처리기간 확인후 그 기간동안 임차인은 전출하여야한다. 이때 근저당 원금 3.9억원이외의 권리변동(추가 근저당 및 압류등)시 임대인이 손해배상하고, 임차인의 전출 불이행으로 인해 임대인의 손해 발생 시 임차인이 손해배상 하기로한다.",embed_kure,13,0.624856173992157,부동산등기법_제74조,"1. 차임(借賃)
2. 범위
3. 차임지급시기
4. 존속기간. 다만, 처분능력 또는 처분권한 없는 임대인에 의한 「민법」 제619조의 단기임대차인 경우에는 그 뜻도 기록한다.
5. 임차보증금
6. 임차권의 양도 또는 임차물의 전대에 대한 임대인의 동의
7. 임차권설정 또는 임차물전대의 범위가 부동산의 일부인 때에는 그 부분을 표시한 도면의 번호"
"부동산의 소유권등기시은행업무 처리기간 확인후 그 기간동안 임차인은 전출하여야한다. 이때 근저당 원금 3.9억원이외의 권리변동(추가 근저당 및 압류등)시 임대인이 손해배상하고, 임차인의 전출 불이행으로 인해 임대인의 손해 발생 시 임차인이 손해배상 하기로한다.",embed_kure,14,0.6228405237197876,민법_제630조_제1항,임차인이 임대인의 동의를 얻어 임차물을 전대한 때에는 전차인은 직접 임대인에 대하여 의무를 부담한다. 이 경우에 전차인은 전대인에 대한 차임의 지급으로써 임대인에게 대항하지 못한다.
"부동산의 소유권등기시은행업무 처리기간 확인후 그 기간동안 임차인은 전출하여야한다. 이때 근저당 원금 3.9억원이외의 권리변동(추가 근저당 및 압류등)시 임대인이 손해배상하고, 임차인의 전출 불이행으로 인해 임대인의 손해 발생 시 임차인이 손해배상 하기로한다.",embed_kure,15,0.6202422976493835,주택임대차보호법_제3조의2_제8항,"제7항에 따라 우선변제권을 승계한 금융기관 등(이하 ""금융기관등""이라 한다)은 다음 각 호의 어느 하나에 해당하는 경우에는 우선변제권을 행사할 수 없다. <신설 2013.8.13>
1. 임차인이 제3조제1항ㆍ제2항 또는 제3항의 대항요건을 상실한 경우
2. 제3조의3제5항에 따른 임차권등기가 말소된 경우
3. 「민법」 제621조에 따른 임대차등기가 말소된 경우"
"부동산의 소유권등기시은행업무 처리기간 확인후 그 기간동안 임차인은 전출하여야한다. 이때 근저당 원금 3.9억원이외의 권리변동(추가 근저당 및 압류등)시 임대인이 손해배상하고, 임차인의 전출 불이행으로 인해 임대인의 손해 발생 시 임차인이 손해배상 하기로한다.",embed_kure,16,0.6196881532669067,부동산등기법_제45조_제1항,"소유권 외의 권리가 등기되어 있는 건물에 대한 멸실등기의 신청이 있는 경우에 등기관은 그 권리의 등기명의인에게 1개월 이내의 기간을 정하여 그 기간까지 이의(異議)를 진술하지 아니하면 멸실등기를 한다는 뜻을 알려야 한다. 다만, 건축물대장에 건물멸실의 뜻이 기록되어 있거나 소유권 외의 권리의 등기명의인이 멸실등기에 동의한 경우에는 그러하지 아니하다."
"부동산의 소유권등기시은행업무 처리기간 확인후 그 기간동안 임차인은 전출하여야한다. 이때 근저당 원금 3.9억원이외의 권리변동(추가 근저당 및 압류등)시 임대인이 손해배상하고, 임차인의 전출 불이행으로 인해 임대인의 손해 발생 시 임차인이 손해배상 하기로한다.",embed_kure,17,0.6187013983726501,주택임대차보호법_제3조의3_제1항,임대차가 끝난 후 보증금이 반환되지 아니한 경우 임차인은 임차주택의 소재지를 관할하는 지방법원ㆍ지방법원지원 또는 시ㆍ군 법원에 임차권등기명령을 신청할 수 있다. <개정 2013.8.13>
"부동산의 소유권등기시은행업무 처리기간 확인후 그 기간동안 임차인은 전출하여야한다. 이때 근저당 원금 3.9억원이외의 권리변동(추가 근저당 및 압류등)시 임대인이 손해배상하고, 임차인의 전출 불이행으로 인해 임대인의 손해 발생 시 임차인이 손해배상 하기로한다.",embed_kure,18,0.6185315847396851,농지법_제24조_제2항,"제1항에 따른 임대차계약은 그 등기가 없는 경우에도 임차인이 농지소재지를 관할하는 시ㆍ구ㆍ읍ㆍ면의 장의 확인을 받고, 해당 농지를 인도(引渡)받은 경우에는 그 다음 날부터 제삼자에 대하여 효력이 생긴다."
"부동산의 소유권등기시은행업무 처리기간 확인후 그 기간동안 임차인은 전출하여야한다. 이때 근저당 원금 3.9억원이외의 권리변동(추가 근저당 및 압류등)시 임대인이 손해배상하고, 임차인의 전출 불이행으로 인해 임대인의 손해 발생 시 임차인이 손해배상 하기로한다.",embed_kure,19,0.6182258129119873,주택임대차보호법_제6조_제1항,임대인이 임대차기간이 끝나기 6개월 전부터 2개월 전까지의 기간에 임차인에게 갱신거절(更新拒絶)의 통지를 하지 아니하거나 계약조건을 변경하지 아니하면 갱신하지 아니한다는 뜻의 통지를 하지 아니한 경우에는 그 기간이 끝난 때에 전 임대차와 동일한 조건으로 다시 임대차한 것으로 본다. 임차인이 임대차기간이 끝나기 2개월 전까지 통지하지 아니한 경우에도 또한 같다. <개정 2020.6.9>
"부동산의 소유권등기시은행업무 처리기간 확인후 그 기간동안 임차인은 전출하여야한다. 이때 근저당 원금 3.9억원이외의 권리변동(추가 근저당 및 압류등)시 임대인이 손해배상하고, 임차인의 전출 불이행으로 인해 임대인의 손해 발생 시 임차인이 손해배상 하기로한다.",embed_kure,20,0.616519033908844,공동주택관리법_제66조_제1항,주택관리사등은 관리사무소장의 업무를 집행하면서 고의 또는 과실로 입주자등에게 재산상의 손해를 입힌 경우에는 그 손해를 배상할 책임이 있다.
"부동산의 소유권등기시은행업무 처리기간 확인후 그 기간동안 임차인은 전출하여야한다. 이때 근저당 원금 3.9억원이외의 권리변동(추가 근저당 및 압류등)시 임대인이 손해배상하고, 임차인의 전출 불이행으로 인해 임대인의 손해 발생 시 임차인이 손해배상 하기로한다.",embed_kure,21,0.6145358681678772,공동주택관리법 시행령_제39조_제1항,"사업주체는 담보책임기간이 만료되기 30일 전까지 그 만료 예정일을 해당 공동주택의 입주자대표회의(의무관리대상 공동주택이 아닌 경우에는 「집합건물의 소유 및 관리에 관한 법률」에 따른 관리단을 말한다. 이하 이 장에서 같다) 또는 해당 공공임대주택의 임차인대표회의에 서면으로 통보하여야 한다. 이 경우 사업주체는 다음 각 호의 사항을 함께 알려야 한다. <개정 2017.9.29>
1. 제38조에 따라 입주자대표회의등 또는 임차인등이 하자보수를 청구한 경우에는 하자보수를 완료한 내용
2. 담보책임기간 내에 하자보수를 신청하지 아니하면 하자보수를 청구할 수 있는 권리가 없어진다는 사실"
"부동산의 소유권등기시은행업무 처리기간 확인후 그 기간동안 임차인은 전출하여야한다. 이때 근저당 원금 3.9억원이외의 권리변동(추가 근저당 및 압류등)시 임대인이 손해배상하고, 임차인의 전출 불이행으로 인해 임대인의 손해 발생 시 임차인이 손해배상 하기로한다.",embed_kure,22,0.613868236541748,채무자 회생 및 파산에 관한 법률_제415조_제1항,「주택임대차보호법」 제3조(대항력 등)제1항의 규정에 의한 대항요건을 갖추고 임대차계약증서상의 확정일자를 받은 임차인은 파산재단에 속하는 주택(대지를 포함한다)의 환가대금에서 후순위권리자 그 밖의 채권자보다 우선하여 보증금을 변제받을 권리가 있다.
"부동산의 소유권등기시은행업무 처리기간 확인후 그 기간동안 임차인은 전출하여야한다. 이때 근저당 원금 3.9억원이외의 권리변동(추가 근저당 및 압류등)시 임대인이 손해배상하고, 임차인의 전출 불이행으로 인해 임대인의 손해 발생 시 임차인이 손해배상 하기로한다.",embed_kure,23,0.6134369969367981,주택임대차보호법_제6조의3_제1항,"제6조에도 불구하고 임대인은 임차인이 제6조제1항 전단의 기간 이내에 계약갱신을 요구할 경우 정당한 사유 없이 거절하지 못한다. 다만, 다음 각 호의 어느 하나에 해당하는 경우에는 그러하지 아니하다.
1. 임차인이 2기의 차임액에 해당하는 금액에 이르도록 차임을 연체한 사실이 있는 경우
2. 임차인이 거짓이나 그 밖의 부정한 방법으로 임차한 경우
3. 서로 합의하여 임대인이 임차인에게 상당한 보상을 제공한 경우
4. 임차인이 임대인의 동의 없이 목적 주택의 전부 또는 일부를 전대(轉貸)한 경우
5. 임차인이 임차한 주택의 전부 또는 일부를 고의나 중대한 과실로 파손한 경우
6. 임차한 주택의 전부 또는 일부가 멸실되어 임대차의 목적을 달성하지 못할 경우
7. 임대인이 다음 각 목의 어느 하나에 해당하는 사유로 목적 주택의 전부 또는 대부분을 철거하거나 재건축하기 위하여 목적 주택의 점유를 회복할 필요가 있는 경우
  가. 임대차계약 체결 당시 공사시기 및 소요기간 등을 포함한 철거 또는 재건축 계획을 임차인에게 구체적으로 고지하고 그 계획에 따르는 경우
  나. 건물이 노후ㆍ훼손 또는 일부 멸실되는 등 안전사고의 우려가 있는 경우
  다. 다른 법령에 따라 철거 또는 재건축이 이루어지는 경우
8. 임대인(임대인의 직계존속ㆍ직계비속을 포함한다)이 목적 주택에 실제 거주하려는 경우
9. 그 밖에 임차인이 임차인으로서의 의무를 현저히 위반하거나 임대차를 계속하기 어려운 중대한 사유가 있는 경우"
"부동산의 소유권등기시은행업무 처리기간 확인후 그 기간동안 임차인은 전출하여야한다. 이때 근저당 원금 3.9억원이외의 권리변동(추가 근저당 및 압류등)시 임대인이 손해배상하고, 임차인의 전출 불이행으로 인해 임대인의 손해 발생 시 임차인이 손해배상 하기로한다.",embed_kure,24,0.6132679581642151,상법_제163조_제1항,당사자가 임치기간을 정하지 아니한 때에는 창고업자는 임치물을 받은 날로부터 6월을 경과한 후에는 언제든지 이를 반환할 수 있다.
"부동산의 소유권등기시은행업무 처리기간 확인후 그 기간동안 임차인은 전출하여야한다. 이때 근저당 원금 3.9억원이외의 권리변동(추가 근저당 및 압류등)시 임대인이 손해배상하고, 임차인의 전출 불이행으로 인해 임대인의 손해 발생 시 임차인이 손해배상 하기로한다.",embed_kure,25,0.612549901008606,주택임대차보호법_제6조의2_제2항,제1항에 따른 해지는 임대인이 그 통지를 받은 날부터 3개월이 지나면 그 효력이 발생한다.
"부동산의 소유권등기시은행업무 처리기간 확인후 그 기간동안 임차인은 전출하여야한다. 이때 근저당 원금 3.9억원이외의 권리변동(추가 근저당 및 압류등)시 임대인이 손해배상하고, 임차인의 전출 불이행으로 인해 임대인의 손해 발생 시 임차인이 손해배상 하기로한다.",embed_kure,26,0.6119582653045654,채무자 회생 및 파산에 관한 법률_제415조_제2항,「주택임대차보호법」 제8조(보증금중 일정액의 보호)의 규정에 의한 임차인은 같은 조의 규정에 의한 보증금을 파산재단에 속하는 주택(대지를 포함한다)의 환가대금에서 다른 담보물권자보다 우선하여 변제받을 권리가 있다. 이 경우 임차인은 파산신청일까지 「주택임대차보호법」 제3조(대항력 등)제1항의 규정에 의한 대항요건을 갖추어야 한다.
"부동산의 소유권등기시은행업무 처리기간 확인후 그 기간동안 임차인은 전출하여야한다. 이때 근저당 원금 3.9억원이외의 권리변동(추가 근저당 및 압류등)시 임대인이 손해배상하고, 임차인의 전출 불이행으로 인해 임대인의 손해 발생 시 임차인이 손해배상 하기로한다.",embed_kure,27,0.6118478178977966,상법_제166조_제1항,임치물의 멸실 또는 훼손으로 인하여 생긴 창고업자의 책임은 그 물건을 출고한 날로부터 1년이 경과하면 소멸시효가 완성한다.
"부동산의 소유권등기시은행업무 처리기간 확인후 그 기간동안 임차인은 전출하여야한다. 이때 근저당 원금 3.9억원이외의 권리변동(추가 근저당 및 압류등)시 임대인이 손해배상하고, 임차인의 전출 불이행으로 인해 임대인의 손해 발생 시 임차인이 손해배상 하기로한다.",embed_kure,28,0.6117727756500244,민사집행법_제144조_제1항,"매각대금이 지급되면 법원사무관등은 매각허가결정의 등본을 붙여 다음 각호의 등기를 촉탁하여야 한다.
1. 매수인 앞으로 소유권을 이전하는 등기
2. 매수인이 인수하지 아니한 부동산의 부담에 관한 기입을 말소하는 등기
3. 제94조 및 제139조제1항의 규정에 따른 경매개시결정등기를 말소하는 등기"
"부동산의 소유권등기시은행업무 처리기간 확인후 그 기간동안 임차인은 전출하여야한다. 이때 근저당 원금 3.9억원이외의 권리변동(추가 근저당 및 압류등)시 임대인이 손해배상하고, 임차인의 전출 불이행으로 인해 임대인의 손해 발생 시 임차인이 손해배상 하기로한다.",embed_kure,29,0.6110535264015198,민사집행법_제91조_제4항,"제3항의 경우 외의 지상권ㆍ지역권ㆍ전세권 및 등기된 임차권은 매수인이 인수한다. 다만, 그중 전세권의 경우에는 전세권자가 제88조에 따라 배당요구를 하면 매각으로 소멸된다."
"부동산의 소유권등기시은행업무 처리기간 확인후 그 기간동안 임차인은 전출하여야한다. 이때 근저당 원금 3.9억원이외의 권리변동(추가 근저당 및 압류등)시 임대인이 손해배상하고, 임차인의 전출 불이행으로 인해 임대인의 손해 발생 시 임차인이 손해배상 하기로한다.",embed_kure,30,0.6083862781524658,민사집행법_제244조_제2항,부동산에 관한 권리이전청구권의 압류에 대하여는 그 부동산소재지의 지방법원은 채권자 또는 제3채무자의 신청에 의하여 보관인을 정하고 제3채무자에 대하여 그 부동산에 관한 채무자명의의 권리이전등기절차를 보관인에게 이행할 것을 명하여야 한다.
"임차기간을 3개월로 설정한다. 보증금은 5,000만원으로 하고, 월세와 관리비는 합의하에 면제한다.",embed_vertex,1,0.7163960933685303,부동산등기법_제74조,"1. 차임(借賃)
2. 범위
3. 차임지급시기
4. 존속기간. 다만, 처분능력 또는 처분권한 없는 임대인에 의한 「민법」 제619조의 단기임대차인 경우에는 그 뜻도 기록한다.
5. 임차보증금
6. 임차권의 양도 또는 임차물의 전대에 대한 임대인의 동의
7. 임차권설정 또는 임차물전대의 범위가 부동산의 일부인 때에는 그 부분을 표시한 도면의 번호"
"임차기간을 3개월로 설정한다. 보증금은 5,000만원으로 하고, 월세와 관리비는 합의하에 면제한다.",embed_vertex,2,0.7120967507362366,상법_제354조_제2항,제1항의 기간은 3월을 초과하지 못한다. <개정 1984.4.10>
"임차기간을 3개월로 설정한다. 보증금은 5,000만원으로 하고, 월세와 관리비는 합의하에 면제한다.",embed_vertex,3,0.710689127445221,민사소송법_제388조_제4항,제3항의 기간은 불변기간으로 한다.
"임차기간을 3개월로 설정한다. 보증금은 5,000만원으로 하고, 월세와 관리비는 합의하에 면제한다.",embed_vertex,4,0.7099640369415283,농지법_제24조의2_제2항,"임대차 기간을 정하지 아니하거나 제1항에 따른 기간 미만으로 정한 경우에는 제1항에 따른 기간으로 약정된 것으로 본다. 다만, 임차인은 제1항에 따른 기간 미만으로 정한 임대차 기간이 유효함을 주장할 수 있다. <개정 2020.2.11>"
"임차기간을 3개월로 설정한다. 보증금은 5,000만원으로 하고, 월세와 관리비는 합의하에 면제한다.",embed_vertex,5,0.708869457244873,주택임대차보호법 시행령_제28조,"1. 임대차계약의 보증금이 다음 각 목에서 정하는 금액 이하의 분쟁
  가. 「수도권정비계획법」 제2조제1호에 따른 수도권 지역: 5억원
  나. 가목에 따른 지역 외의 지역: 3억원
2. 조정으로 주장하는 이익의 값(이하 ""조정목적의 값""이라 한다)이 2억원 이하인 분쟁. 이 경우 조정목적의 값 산정은 「민사소송 등 인지법」에 따른 소송목적의 값에 관한 산정 방식을 준용한다."
"임차기간을 3개월로 설정한다. 보증금은 5,000만원으로 하고, 월세와 관리비는 합의하에 면제한다.",embed_vertex,6,0.7065891623497009,주택임대차보호법_제6조_제2항,제1항의 경우 임대차의 존속기간은 2년으로 본다. <개정 2009.5.8>
"임차기간을 3개월로 설정한다. 보증금은 5,000만원으로 하고, 월세와 관리비는 합의하에 면제한다.",embed_vertex,7,0.7064958810806274,주택임대차보호법_제4조_제1항,"기간을 정하지 아니하거나 2년 미만으로 정한 임대차는 그 기간을 2년으로 본다. 다만, 임차인은 2년 미만으로 정한 기간이 유효함을 주장할 수 있다."
"임차기간을 3개월로 설정한다. 보증금은 5,000만원으로 하고, 월세와 관리비는 합의하에 면제한다.",embed_vertex,8,0.7053691744804382,민법_제619조,"1. 식목, 채염 또는 석조, 석회조, 연와조 및 이와 유사한 건축을 목적으로 한 토지의 임대차는 10년
2. 기타 토지의 임대차는 5년
3. 건물 기타 공작물의 임대차는 3년
4. 동산의 임대차는 6월"
"임차기간을 3개월로 설정한다. 보증금은 5,000만원으로 하고, 월세와 관리비는 합의하에 면제한다.",embed_vertex,9,0.7042467594146729,민사조정법_제34조_제5항,제1항의 기간은 불변기간으로 한다.
"임차기간을 3개월로 설정한다. 보증금은 5,000만원으로 하고, 월세와 관리비는 합의하에 면제한다.",embed_vertex,10,0.7042467594146729,민사소송법_제456조_제2항,제1항의 기간은 불변기간으로 한다.
"임차기간을 3개월로 설정한다. 보증금은 5,000만원으로 하고, 월세와 관리비는 합의하에 면제한다.",embed_vertex,11,0.7042467594146729,민사소송법_제491조_제2항,제1항의 기간은 불변기간으로 한다.
"임차기간을 3개월로 설정한다. 보증금은 5,000만원으로 하고, 월세와 관리비는 합의하에 면제한다.",embed_vertex,12,0.7042467594146729,민사소송법_제444조_제2항,제1항의 기간은 불변기간으로 한다.
"임차기간을 3개월로 설정한다. 보증금은 5,000만원으로 하고, 월세와 관리비는 합의하에 면제한다.",embed_vertex,13,0.7042467594146729,민사소송법_제396조_제2항,제1항의 기간은 불변기간으로 한다.
"임차기간을 3개월로 설정한다. 보증금은 5,000만원으로 하고, 월세와 관리비는 합의하에 면제한다.",embed_vertex,14,0.7042467594146729,민사소송법_제470조_제2항,제1항의 기간은 불변기간으로 한다.
"임차기간을 3개월로 설정한다. 보증금은 5,000만원으로 하고, 월세와 관리비는 합의하에 면제한다.",embed_vertex,15,0.7042467594146729,민사소송법_제226조_제2항,제1항의 기간은 불변기간으로 한다.
"임차기간을 3개월로 설정한다. 보증금은 5,000만원으로 하고, 월세와 관리비는 합의하에 면제한다.",embed_vertex,16,0.7036374807357788,민법_제635조_제1항,임대차기간의 약정이 없는 때에는 당사자는 언제든지 계약해지의 통고를 할 수 있다.
"임차기간을 3개월로 설정한다. 보증금은 5,000만원으로 하고, 월세와 관리비는 합의하에 면제한다.",embed_vertex,17,0.6999870538711548,농지법_제24조의2_제4항,제1항부터 제3항까지의 규정에 따른 임대차 기간은 임대차계약을 연장 또는 갱신하거나 재계약을 체결하는 경우에도 동일하게 적용한다. <개정 2020.2.11>
"임차기간을 3개월로 설정한다. 보증금은 5,000만원으로 하고, 월세와 관리비는 합의하에 면제한다.",embed_vertex,18,0.699034571647644,민사집행법_제287조_제2항,제1항의 기간은 2주 이상으로 정하여야 한다.
"임차기간을 3개월로 설정한다. 보증금은 5,000만원으로 하고, 월세와 관리비는 합의하에 면제한다.",embed_vertex,19,0.6979231834411621,민법_제639조_제2항,전항의 경우에 전임대차에 대하여 제삼자가 제공한 담보는 기간의 만료로 인하여 소멸한다.
"임차기간을 3개월로 설정한다. 보증금은 5,000만원으로 하고, 월세와 관리비는 합의하에 면제한다.",embed_vertex,20,0.6978800296783447,주택임대차보호법 시행령_제6조_제2항,"제5조제2호부터 제4호까지 또는 제6호의 어느 하나에 해당하는 자이거나 임대차계약을 체결하려는 자는 법 제3조의6제3항 또는 제4항에 따라 확정일자부여기관에 다음 각 호의 사항의 열람 또는 그 내용을 기록한 서면의 교부를 요청할 수 있다. <개정 2020.9.29>
1. 임대차목적물
2. 확정일자 부여일
3. 차임ㆍ보증금
4. 임대차기간"
"임차기간을 3개월로 설정한다. 보증금은 5,000만원으로 하고, 월세와 관리비는 합의하에 면제한다.",embed_vertex,21,0.6951034069061279,주택임대차보호법_제6조의3_제3항,"갱신되는 임대차는 전 임대차와 동일한 조건으로 다시 계약된 것으로 본다. 다만, 차임과 보증금은 제7조의 범위에서 증감할 수 있다."
"임차기간을 3개월로 설정한다. 보증금은 5,000만원으로 하고, 월세와 관리비는 합의하에 면제한다.",embed_vertex,22,0.6949068307876587,농지법_제24조의2_제3항,"임대인은 제1항 및 제2항에도 불구하고 질병, 징집 등 대통령령으로 정하는 불가피한 사유가 있는 경우에는 임대차 기간을 제1항에 따른 기간 미만으로 정할 수 있다. <개정 2020.2.11>"
"임차기간을 3개월로 설정한다. 보증금은 5,000만원으로 하고, 월세와 관리비는 합의하에 면제한다.",embed_vertex,23,0.6941689252853394,주택임대차보호법_제3조의7,"1. 제3조의6제3항에 따른 해당 주택의 확정일자 부여일, 차임 및 보증금 등 정보. 다만, 임대인이 임대차계약을 체결하기 전에 제3조의6제4항에 따라 동의함으로써 이를 갈음할 수 있다.
2. 「국세징수법」 제108조에 따른 납세증명서 및 「지방세징수법」 제5조제2항에 따른 납세증명서. 다만, 임대인이 임대차계약을 체결하기 전에 「국세징수법」 제109조제1항에 따른 미납국세와 체납액의 열람 및 「지방세징수법」 제6조제1항에 따른 미납지방세의 열람에 각각 동의함으로써 이를 갈음할 수 있다."
"임차기간을 3개월로 설정한다. 보증금은 5,000만원으로 하고, 월세와 관리비는 합의하에 면제한다.",embed_vertex,24,0.6932196617126465,화물자동차 운수사업법_제40조_제5항,제3항에 따른 위ㆍ수탁계약의 기간은 2년 이상으로 하여야 한다. <신설 2014.5.28>
"임차기간을 3개월로 설정한다. 보증금은 5,000만원으로 하고, 월세와 관리비는 합의하에 면제한다.",embed_vertex,25,0.6903985738754272,채무자 회생 및 파산에 관한 법률_제152조_제2항,제1항의 규정에 의한 기간은 불변기간으로 한다.
"임차기간을 3개월로 설정한다. 보증금은 5,000만원으로 하고, 월세와 관리비는 합의하에 면제한다.",embed_vertex,26,0.6903985738754272,채무자 회생 및 파산에 관한 법률_제353조_제2항,제1항의 규정에 의한 기간은 불변기간으로 한다.
"임차기간을 3개월로 설정한다. 보증금은 5,000만원으로 하고, 월세와 관리비는 합의하에 면제한다.",embed_vertex,27,0.6903985738754272,채무자 회생 및 파산에 관한 법률_제116조_제2항,제1항의 규정에 의한 기간은 불변기간으로 한다.
"임차기간을 3개월로 설정한다. 보증금은 5,000만원으로 하고, 월세와 관리비는 합의하에 면제한다.",embed_vertex,28,0.6903985738754272,채무자 회생 및 파산에 관한 법률_제107조_제2항,제1항의 규정에 의한 기간은 불변기간으로 한다.
"임차기간을 3개월로 설정한다. 보증금은 5,000만원으로 하고, 월세와 관리비는 합의하에 면제한다.",embed_vertex,29,0.6902240514755249,소액사건심판법_제5조의4_제2항,제1항 본문의 기간은 불변기간(不變期間)으로 한다.
"임차기간을 3개월로 설정한다. 보증금은 5,000만원으로 하고, 월세와 관리비는 합의하에 면제한다.",embed_vertex,30,0.6898196339607239,민사소송법_제449조_제3항,제2항의 기간은 불변기간으로 한다.
"임차기간을 3개월로 설정한다. 보증금은 5,000만원으로 하고, 월세와 관리비는 합의하에 면제한다.",embed_kure,1,0.636746883392334,주택임대차보호법_제4조_제1항,"기간을 정하지 아니하거나 2년 미만으로 정한 임대차는 그 기간을 2년으로 본다. 다만, 임차인은 2년 미만으로 정한 기간이 유효함을 주장할 수 있다."
"임차기간을 3개월로 설정한다. 보증금은 5,000만원으로 하고, 월세와 관리비는 합의하에 면제한다.",embed_kure,2,0.6357290744781494,주택임대차보호법_제4조_제2항,임대차기간이 끝난 경우에도 임차인이 보증금을 반환받을 때까지는 임대차관계가 존속되는 것으로 본다.
"임차기간을 3개월로 설정한다. 보증금은 5,000만원으로 하고, 월세와 관리비는 합의하에 면제한다.",embed_kure,3,0.6335707902908325,농지법_제24조의2_제1항,"제23조제1항 각 호(제8호는 제외한다)의 임대차 기간은 3년 이상으로 하여야 한다. 다만, 다년생식물 재배지 등 대통령령으로 정하는 농지의 경우에는 5년 이상으로 하여야 한다. <개정 2015.1.20, 2015.7.20, 2020.2.11>"
"임차기간을 3개월로 설정한다. 보증금은 5,000만원으로 하고, 월세와 관리비는 합의하에 면제한다.",embed_kure,4,0.6311180591583252,농지법_제24조의2_제4항,제1항부터 제3항까지의 규정에 따른 임대차 기간은 임대차계약을 연장 또는 갱신하거나 재계약을 체결하는 경우에도 동일하게 적용한다. <개정 2020.2.11>
"임차기간을 3개월로 설정한다. 보증금은 5,000만원으로 하고, 월세와 관리비는 합의하에 면제한다.",embed_kure,5,0.6269087791442871,민법_제619조,"1. 식목, 채염 또는 석조, 석회조, 연와조 및 이와 유사한 건축을 목적으로 한 토지의 임대차는 10년
2. 기타 토지의 임대차는 5년
3. 건물 기타 공작물의 임대차는 3년
4. 동산의 임대차는 6월"
"임차기간을 3개월로 설정한다. 보증금은 5,000만원으로 하고, 월세와 관리비는 합의하에 면제한다.",embed_kure,6,0.6266834735870361,주택임대차보호법_제6조_제2항,제1항의 경우 임대차의 존속기간은 2년으로 본다. <개정 2009.5.8>
"임차기간을 3개월로 설정한다. 보증금은 5,000만원으로 하고, 월세와 관리비는 합의하에 면제한다.",embed_kure,7,0.6254094243049622,주택임대차보호법 시행령_제10조_제2항,임차인의 보증금 중 일정액이 주택가액의 2분의 1을 초과하는 경우에는 주택가액의 2분의 1에 해당하는 금액까지만 우선변제권이 있다.
"임차기간을 3개월로 설정한다. 보증금은 5,000만원으로 하고, 월세와 관리비는 합의하에 면제한다.",embed_kure,8,0.6240109205245972,주택임대차보호법_제6조의3_제2항,임차인은 제1항에 따른 계약갱신요구권을 1회에 한하여 행사할 수 있다. 이 경우 갱신되는 임대차의 존속기간은 2년으로 본다.
"임차기간을 3개월로 설정한다. 보증금은 5,000만원으로 하고, 월세와 관리비는 합의하에 면제한다.",embed_kure,9,0.6181859970092773,주택임대차보호법_제6조의3_제3항,"갱신되는 임대차는 전 임대차와 동일한 조건으로 다시 계약된 것으로 본다. 다만, 차임과 보증금은 제7조의 범위에서 증감할 수 있다."
"임차기간을 3개월로 설정한다. 보증금은 5,000만원으로 하고, 월세와 관리비는 합의하에 면제한다.",embed_kure,10,0.6138702630996704,민법_제635조_제1항,임대차기간의 약정이 없는 때에는 당사자는 언제든지 계약해지의 통고를 할 수 있다.
"임차기간을 3개월로 설정한다. 보증금은 5,000만원으로 하고, 월세와 관리비는 합의하에 면제한다.",embed_kure,11,0.6044982671737671,주택임대차보호법 시행령_제28조,"1. 임대차계약의 보증금이 다음 각 목에서 정하는 금액 이하의 분쟁
  가. 「수도권정비계획법」 제2조제1호에 따른 수도권 지역: 5억원
  나. 가목에 따른 지역 외의 지역: 3억원
2. 조정으로 주장하는 이익의 값(이하 ""조정목적의 값""이라 한다)이 2억원 이하인 분쟁. 이 경우 조정목적의 값 산정은 「민사소송 등 인지법」에 따른 소송목적의 값에 관한 산정 방식을 준용한다."
"임차기간을 3개월로 설정한다. 보증금은 5,000만원으로 하고, 월세와 관리비는 합의하에 면제한다.",embed_kure,12,0.6034074425697327,민법_제591조_제1항,"환매기간은 부동산은 5년, 동산은 3년을 넘지 못한다. 약정기간이 이를 넘는 때에는 부동산은 5년, 동산은 3년으로 단축한다."
"임차기간을 3개월로 설정한다. 보증금은 5,000만원으로 하고, 월세와 관리비는 합의하에 면제한다.",embed_kure,13,0.5956511497497559,농지법_제24조의2_제2항,"임대차 기간을 정하지 아니하거나 제1항에 따른 기간 미만으로 정한 경우에는 제1항에 따른 기간으로 약정된 것으로 본다. 다만, 임차인은 제1항에 따른 기간 미만으로 정한 임대차 기간이 유효함을 주장할 수 있다. <개정 2020.2.11>"
"임차기간을 3개월로 설정한다. 보증금은 5,000만원으로 하고, 월세와 관리비는 합의하에 면제한다.",embed_kure,14,0.5933235287666321,민법_제591조_제3항,"환매기간을 정하지 아니한 때에는 그 기간은 부동산은 5년, 동산은 3년으로 한다."
"임차기간을 3개월로 설정한다. 보증금은 5,000만원으로 하고, 월세와 관리비는 합의하에 면제한다.",embed_kure,15,0.5812804698944092,주택임대차보호법_제6조의2_제2항,제1항에 따른 해지는 임대인이 그 통지를 받은 날부터 3개월이 지나면 그 효력이 발생한다.
"임차기간을 3개월로 설정한다. 보증금은 5,000만원으로 하고, 월세와 관리비는 합의하에 면제한다.",embed_kure,16,0.5787711143493652,농지법_제24조의2_제3항,"임대인은 제1항 및 제2항에도 불구하고 질병, 징집 등 대통령령으로 정하는 불가피한 사유가 있는 경우에는 임대차 기간을 제1항에 따른 기간 미만으로 정할 수 있다. <개정 2020.2.11>"
"임차기간을 3개월로 설정한다. 보증금은 5,000만원으로 하고, 월세와 관리비는 합의하에 면제한다.",embed_kure,17,0.575688898563385,주택임대차보호법_제6조의3_제6항,"제5항에 따른 손해배상액은 거절 당시 당사자 간에 손해배상액의 예정에 관한 합의가 이루어지지 않는 한 다음 각 호의 금액 중 큰 금액으로 한다.
1. 갱신거절 당시 월차임(차임 외에 보증금이 있는 경우에는 그 보증금을 제7조의2 각 호 중 낮은 비율에 따라 월 단위의 차임으로 전환한 금액을 포함한다. 이하 ""환산월차임""이라 한다)의 3개월분에 해당하는 금액
2. 임대인이 제3자에게 임대하여 얻은 환산월차임과 갱신거절 당시 환산월차임 간 차액의 2년분에 해당하는 금액
3. 제1항제8호의 사유로 인한 갱신거절로 인하여 임차인이 입은 손해액"
"임차기간을 3개월로 설정한다. 보증금은 5,000만원으로 하고, 월세와 관리비는 합의하에 면제한다.",embed_kure,18,0.5756261348724365,부동산등기법_제74조,"1. 차임(借賃)
2. 범위
3. 차임지급시기
4. 존속기간. 다만, 처분능력 또는 처분권한 없는 임대인에 의한 「민법」 제619조의 단기임대차인 경우에는 그 뜻도 기록한다.
5. 임차보증금
6. 임차권의 양도 또는 임차물의 전대에 대한 임대인의 동의
7. 임차권설정 또는 임차물전대의 범위가 부동산의 일부인 때에는 그 부분을 표시한 도면의 번호"
"임차기간을 3개월로 설정한다. 보증금은 5,000만원으로 하고, 월세와 관리비는 합의하에 면제한다.",embed_kure,19,0.575546145439148,민법_제639조_제1항,"임대차기간이 만료한 후 임차인이 임차물의 사용, 수익을 계속하는 경우에 임대인이 상당한 기간내에 이의를 하지 아니한 때에는 전임대차와 동일한 조건으로 다시 임대차한 것으로 본다. 그러나 당사자는 제635조의 규정에 의하여 해지의 통고를 할 수 있다."
"임차기간을 3개월로 설정한다. 보증금은 5,000만원으로 하고, 월세와 관리비는 합의하에 면제한다.",embed_kure,20,0.5742805004119873,주택임대차보호법_제6조_제3항,2기(期)의 차임액(借賃額)에 달하도록 연체하거나 그 밖에 임차인으로서의 의무를 현저히 위반한 임차인에 대하여는 제1항을 적용하지 아니한다.
"임차기간을 3개월로 설정한다. 보증금은 5,000만원으로 하고, 월세와 관리비는 합의하에 면제한다.",embed_kure,21,0.5730075836181641,주택임대차보호법 시행령_제6조_제1항,"제5조제1호 또는 제5호에 해당하는 자는 법 제3조의6제3항에 따라 확정일자부여기관에 해당 임대차계약(제5조제5호에 해당하는 자의 경우에는 갱신요구가 거절되지 않았더라면 갱신되었을 기간 중에 존속하는 임대차계약을 말한다)에 관한 다음 각 호의 사항의 열람 또는 그 내용을 기록한 서면의 교부를 요청할 수 있다. <개정 2020.9.29>
1. 임대차목적물
2. 임대인ㆍ임차인의 인적사항(제5조제5호에 해당하는 자는 임대인ㆍ임차인의 성명, 법인명 또는 단체명으로 한정한다)
3. 확정일자 부여일
4. 차임ㆍ보증금
5. 임대차기간"
"임차기간을 3개월로 설정한다. 보증금은 5,000만원으로 하고, 월세와 관리비는 합의하에 면제한다.",embed_kure,22,0.571556806564331,공동주택관리법 시행령_제70조,"1. 500세대 미만의 공동주택: 3천만원
2. 500세대 이상의 공동주택: 5천만원"
"임차기간을 3개월로 설정한다. 보증금은 5,000만원으로 하고, 월세와 관리비는 합의하에 면제한다.",embed_kure,23,0.5713188052177429,건축물의 분양에 관한 법률_제8조_제2항,제1항에 따른 계약금ㆍ중도금 및 잔금의 비율과 이를 받을 수 있는 시기는 대통령령으로 정한다.
"임차기간을 3개월로 설정한다. 보증금은 5,000만원으로 하고, 월세와 관리비는 합의하에 면제한다.",embed_kure,24,0.5697688460350037,주택임대차보호법_제8조_제3항,"제1항에 따라 우선변제를 받을 임차인 및 보증금 중 일정액의 범위와 기준은 제8조의2에 따른 주택임대차위원회의 심의를 거쳐 대통령령으로 정한다. 다만, 보증금 중 일정액의 범위와 기준은 주택가액(대지의 가액을 포함한다)의 2분의 1을 넘지 못한다. <개정 2009.5.8>"
"임차기간을 3개월로 설정한다. 보증금은 5,000만원으로 하고, 월세와 관리비는 합의하에 면제한다.",embed_kure,25,0.569503664970398,민법_제312조_제3항,전세권의 설정은 이를 갱신할 수 있다. 그 기간은 갱신한 날로부터 10년을 넘지 못한다.
"임차기간을 3개월로 설정한다. 보증금은 5,000만원으로 하고, 월세와 관리비는 합의하에 면제한다.",embed_kure,26,0.5693696737289429,주택임대차보호법_제6조_제1항,임대인이 임대차기간이 끝나기 6개월 전부터 2개월 전까지의 기간에 임차인에게 갱신거절(更新拒絶)의 통지를 하지 아니하거나 계약조건을 변경하지 아니하면 갱신하지 아니한다는 뜻의 통지를 하지 아니한 경우에는 그 기간이 끝난 때에 전 임대차와 동일한 조건으로 다시 임대차한 것으로 본다. 임차인이 임대차기간이 끝나기 2개월 전까지 통지하지 아니한 경우에도 또한 같다. <개정 2020.6.9>
"임차기간을 3개월로 설정한다. 보증금은 5,000만원으로 하고, 월세와 관리비는 합의하에 면제한다.",embed_kure,27,0.5681067705154419,주택임대차보호법 시행령_제10조_제1항,"법 제8조에 따라 우선변제를 받을 보증금 중 일정액의 범위는 다음 각 호의 구분에 의한 금액 이하로 한다. <개정 2010.7.21, 2013.12.30, 2016.3.31, 2018.9.18, 2021.5.11, 2023.2.21>
1. 서울특별시: 5천500만원
2. 「수도권정비계획법」에 따른 과밀억제권역(서울특별시는 제외한다), 세종특별자치시, 용인시, 화성시 및 김포시: 4천800만원
3. 광역시(「수도권정비계획법」에 따른 과밀억제권역에 포함된 지역과 군지역은 제외한다), 안산시, 광주시, 파주시, 이천시 및 평택시: 2천800만원
4. 그 밖의 지역: 2천500만원"
"임차기간을 3개월로 설정한다. 보증금은 5,000만원으로 하고, 월세와 관리비는 합의하에 면제한다.",embed_kure,28,0.566163182258606,주택임대차보호법 시행령_제10조_제4항,하나의 주택에 임차인이 2명 이상이고 이들이 그 주택에서 가정공동생활을 하는 경우에는 이들을 1명의 임차인으로 보아 이들의 각 보증금을 합산한다.
"임차기간을 3개월로 설정한다. 보증금은 5,000만원으로 하고, 월세와 관리비는 합의하에 면제한다.",embed_kure,29,0.5627357959747314,주택임대차보호법 시행령_제6조_제2항,"제5조제2호부터 제4호까지 또는 제6호의 어느 하나에 해당하는 자이거나 임대차계약을 체결하려는 자는 법 제3조의6제3항 또는 제4항에 따라 확정일자부여기관에 다음 각 호의 사항의 열람 또는 그 내용을 기록한 서면의 교부를 요청할 수 있다. <개정 2020.9.29>
1. 임대차목적물
2. 확정일자 부여일
3. 차임ㆍ보증금
4. 임대차기간"
"임차기간을 3개월로 설정한다. 보증금은 5,000만원으로 하고, 월세와 관리비는 합의하에 면제한다.",embed_kure,30,0.5609266757965088,채무자 회생 및 파산에 관한 법률_제16조_제2항,관리위원의 임기는 3년으로 한다.
퇴거 시 청소비 8만 원은 임차인이 부담한다.,embed_vertex,1,0.6898307800292969,공동주택관리법 시행령_제80조_제7항,삭제 <2018.1.30>
퇴거 시 청소비 8만 원은 임차인이 부담한다.,embed_vertex,2,0.6898307800292969,공동주택관리법 시행령_제80조_제8항,삭제 <2018.1.30>
퇴거 시 청소비 8만 원은 임차인이 부담한다.,embed_vertex,3,0.6856833696365356,화물자동차 운수사업법_제11조_제10항,삭제 <2018.4.17>
퇴거 시 청소비 8만 원은 임차인이 부담한다.,embed_vertex,4,0.6856833696365356,화물자동차 운수사업법_제11조_제11항,삭제 <2018.4.17>
퇴거 시 청소비 8만 원은 임차인이 부담한다.,embed_vertex,5,0.6856833696365356,화물자동차 운수사업법_제11조_제12항,삭제 <2018.4.17>
퇴거 시 청소비 8만 원은 임차인이 부담한다.,embed_vertex,6,0.6856833696365356,화물자동차 운수사업법_제24조_제5항,삭제 <2018.4.17>
퇴거 시 청소비 8만 원은 임차인이 부담한다.,embed_vertex,7,0.6856833696365356,화물자동차 운수사업법_제11조_제9항,삭제 <2018.4.17>
퇴거 시 청소비 8만 원은 임차인이 부담한다.,embed_vertex,8,0.6856833696365356,화물자동차 운수사업법_제26조_제5항,삭제 <2018.4.17>
퇴거 시 청소비 8만 원은 임차인이 부담한다.,embed_vertex,9,0.6854749321937561,상속세 및 증여세법_제45조의2_제2항,삭제 <2018.12.31>
퇴거 시 청소비 8만 원은 임차인이 부담한다.,embed_vertex,10,0.6854749321937561,지방세법_제77조_제3항,삭제 <2018.12.31>
퇴거 시 청소비 8만 원은 임차인이 부담한다.,embed_vertex,11,0.6843671202659607,건축법 시행령_제14조_제1항,삭제 <2006.5.8>
퇴거 시 청소비 8만 원은 임차인이 부담한다.,embed_vertex,12,0.6843671202659607,건축법 시행령_제8조_제5항,삭제 <2006.5.8>
퇴거 시 청소비 8만 원은 임차인이 부담한다.,embed_vertex,13,0.6843671202659607,건축법 시행령_제8조_제4항,삭제 <2006.5.8>
퇴거 시 청소비 8만 원은 임차인이 부담한다.,embed_vertex,14,0.6843671202659607,건축법 시행령_제14조_제2항,삭제 <2006.5.8>
퇴거 시 청소비 8만 원은 임차인이 부담한다.,embed_vertex,15,0.6843671202659607,건축법 시행령_제8조_제2항,삭제 <2006.5.8>
퇴거 시 청소비 8만 원은 임차인이 부담한다.,embed_vertex,16,0.6843671202659607,건축법 시행령_제17조_제1항,삭제 <2006.5.8>
퇴거 시 청소비 8만 원은 임차인이 부담한다.,embed_vertex,17,0.6843671202659607,건축법 시행령_제81조_제2항,삭제 <2006.5.8>
퇴거 시 청소비 8만 원은 임차인이 부담한다.,embed_vertex,18,0.6842862963676453,국가를 당사자로 하는 계약에 관한 법률 시행령_제42조_제2항,삭제 <2018.12.4>
퇴거 시 청소비 8만 원은 임차인이 부담한다.,embed_vertex,19,0.684207558631897,화물자동차 운수사업법 시행령_제5조_제4항,삭제 <2018.7.3>
퇴거 시 청소비 8만 원은 임차인이 부담한다.,embed_vertex,20,0.684207558631897,화물자동차 운수사업법 시행령_제5조_제5항,삭제 <2018.7.3>
퇴거 시 청소비 8만 원은 임차인이 부담한다.,embed_vertex,21,0.684207558631897,화물자동차 운수사업법 시행령_제9조의3_제3항,삭제 <2018.7.3>
퇴거 시 청소비 8만 원은 임차인이 부담한다.,embed_vertex,22,0.684207558631897,화물자동차 운수사업법 시행령_제5조_제3항,삭제 <2018.7.3>
퇴거 시 청소비 8만 원은 임차인이 부담한다.,embed_vertex,23,0.6838202476501465,도시 및 주거환경정비법_제101조_제2항,삭제 <2021.8.10>
퇴거 시 청소비 8만 원은 임차인이 부담한다.,embed_vertex,24,0.6835908889770508,상법_제22조의2_제5항,삭제 <2007.8.3>
퇴거 시 청소비 8만 원은 임차인이 부담한다.,embed_vertex,25,0.6831214427947998,상법_제442조_제2항,전항의 공고의 비용은 청구자의 부담으로 한다.
퇴거 시 청소비 8만 원은 임차인이 부담한다.,embed_vertex,26,0.6831184029579163,건축법_제83조_제2항,삭제 <2019.4.30>
퇴거 시 청소비 8만 원은 임차인이 부담한다.,embed_vertex,27,0.6827508211135864,민법_제626조_제1항,임차인이 임차물의 보존에 관한 필요비를 지출한 때에는 임대인에 대하여 그 상환을 청구할 수 있다.
퇴거 시 청소비 8만 원은 임차인이 부담한다.,embed_vertex,28,0.6811754703521729,지방세기본법 시행령_제44조_제2항,삭제 <2023.3.14>
퇴거 시 청소비 8만 원은 임차인이 부담한다.,embed_vertex,29,0.6811754703521729,지방세기본법 시행령_제44조_제3항,삭제 <2023.3.14>
퇴거 시 청소비 8만 원은 임차인이 부담한다.,embed_vertex,30,0.6806771755218506,국토의 계획 및 이용에 관한 법률 시행령_제22조_제3항,삭제 <2022.11.1>
퇴거 시 청소비 8만 원은 임차인이 부담한다.,embed_kure,1,0.587944507598877,민법_제626조_제1항,임차인이 임차물의 보존에 관한 필요비를 지출한 때에는 임대인에 대하여 그 상환을 청구할 수 있다.
퇴거 시 청소비 8만 원은 임차인이 부담한다.,embed_kure,2,0.5615489482879639,상법_제154조_제2항,물건이 전부 멸실된 경우에는 제1항의 기간은 고객이 그 시설에서 퇴거한 날부터 기산한다.
퇴거 시 청소비 8만 원은 임차인이 부담한다.,embed_kure,3,0.558558464050293,주택임대차보호법_제3조의3_제8항,임차인은 제1항에 따른 임차권등기명령의 신청과 그에 따른 임차권등기와 관련하여 든 비용을 임대인에게 청구할 수 있다.
퇴거 시 청소비 8만 원은 임차인이 부담한다.,embed_kure,4,0.5529377460479736,주택임대차보호법_제6조의2_제2항,제1항에 따른 해지는 임대인이 그 통지를 받은 날부터 3개월이 지나면 그 효력이 발생한다.
퇴거 시 청소비 8만 원은 임차인이 부담한다.,embed_kure,5,0.549798846244812,도시 및 주거환경정비법_제92조_제1항,정비사업비는 이 법 또는 다른 법령에 특별한 규정이 있는 경우를 제외하고는 사업시행자가 부담한다.
퇴거 시 청소비 8만 원은 임차인이 부담한다.,embed_kure,6,0.549225926399231,민법_제626조_제2항,임차인이 유익비를 지출한 경우에는 임대인은 임대차종료시에 그 가액의 증가가 현존한 때에 한하여 임차인의 지출한 금액이나 그 증가액을 상환하여야 한다. 이 경우에 법원은 임대인의 청구에 의하여 상당한 상환기간을 허여할 수 있다.
퇴거 시 청소비 8만 원은 임차인이 부담한다.,embed_kure,7,0.5456189513206482,주택임대차보호법_제4조_제2항,임대차기간이 끝난 경우에도 임차인이 보증금을 반환받을 때까지는 임대차관계가 존속되는 것으로 본다.
퇴거 시 청소비 8만 원은 임차인이 부담한다.,embed_kure,8,0.5420318841934204,공동주택관리법_제102조_제2항,"다음 각 호의 어느 하나에 해당하는 자에게는 1천만원 이하의 과태료를 부과한다. <개정 2016.1.19>
1. 제13조를 위반하여 공동주택의 관리업무를 인계하지 아니한 자
2. 삭제 <2017.3.21>
3. 삭제 <2017.3.21>
4. 제29조제2항을 위반하여 수립되거나 조정된 장기수선계획에 따라 주요시설을 교체하거나 보수하지 아니한 자
5. 제43조제3항에 따라 판정받은 하자를 보수하지 아니한 자
6. 제52조제5항을 위반하여 유사명칭을 사용한 자
7. 제93조제1항에 따른 보고 또는 자료 제출 등의 명령을 위반한 자
8. 제65조제5항을 위반하여 관리사무소장을 해임하거나 해임하도록 주택관리업자에게 요구한 자
9. 제90조제3항을 위반하여 관리비ㆍ사용료와 장기수선충당금을 이 법에 따른 용도 외의 목적으로 사용한 자"
퇴거 시 청소비 8만 원은 임차인이 부담한다.,embed_kure,9,0.541954517364502,도시 및 주거환경정비법_제61조_제4항,"사업시행자는 정비사업의 공사를 완료한 때에는 완료한 날부터 30일 이내에 임시거주시설을 철거하고, 사용한 건축물이나 토지를 원상회복하여야 한다."
퇴거 시 청소비 8만 원은 임차인이 부담한다.,embed_kure,10,0.5410732626914978,민법_제629조_제2항,임차인이 전항의 규정에 위반한 때에는 임대인은 계약을 해지할 수 있다.
퇴거 시 청소비 8만 원은 임차인이 부담한다.,embed_kure,11,0.5406013131141663,상법_제162조_제1항,창고업자는 임치물을 출고할 때가 아니면 보관료 기타의 비용과 체당금의 지급을 청구하지 못한다. 그러나 보관기간 경과후에는 출고전이라도 이를 청구할 수 있다.
퇴거 시 청소비 8만 원은 임차인이 부담한다.,embed_kure,12,0.5395336151123047,공동주택관리법_제65조의2_제2항,"입주자등, 입주자대표회의 및 관리주체 등은 경비원 등 근로자에게 적정한 보수를 지급하고, 처우개선과 인권존중을 위하여 노력하여야 한다."
퇴거 시 청소비 8만 원은 임차인이 부담한다.,embed_kure,13,0.5372850894927979,공동주택관리법_제23조_제1항,의무관리대상 공동주택의 입주자등은 그 공동주택의 유지관리를 위하여 필요한 관리비를 관리주체에게 납부하여야 한다.
퇴거 시 청소비 8만 원은 임차인이 부담한다.,embed_kure,14,0.5339047908782959,농지법 시행규칙_제20조의2_제3항,시장ㆍ군수ㆍ구청장은 종료 명령을 한 경우에는 임대인에게 그 사실을 즉시 알려야 한다.
퇴거 시 청소비 8만 원은 임차인이 부담한다.,embed_kure,15,0.5337326526641846,민법_제639조_제1항,"임대차기간이 만료한 후 임차인이 임차물의 사용, 수익을 계속하는 경우에 임대인이 상당한 기간내에 이의를 하지 아니한 때에는 전임대차와 동일한 조건으로 다시 임대차한 것으로 본다. 그러나 당사자는 제635조의 규정에 의하여 해지의 통고를 할 수 있다."
퇴거 시 청소비 8만 원은 임차인이 부담한다.,embed_kure,16,0.5328383445739746,공동주택관리법 시행령_제23조_제5항,관리주체는 보수가 필요한 시설[누수(漏水)되는 시설을 포함한다]이 2세대 이상의 공동사용에 제공되는 것인 경우에는 직접 보수하고 해당 입주자등에게 그 비용을 따로 부과할 수 있다.
퇴거 시 청소비 8만 원은 임차인이 부담한다.,embed_kure,17,0.5324571132659912,상법_제162조_제2항,임치물의 일부출고의 경우에는 창고업자는 그 비율에 따른 보관료 기타의 비용과 체당금의 지급을 청구할 수 있다.
퇴거 시 청소비 8만 원은 임차인이 부담한다.,embed_kure,18,0.5316562056541443,주택임대차보호법 시행령_제10조_제2항,임차인의 보증금 중 일정액이 주택가액의 2분의 1을 초과하는 경우에는 주택가액의 2분의 1에 해당하는 금액까지만 우선변제권이 있다.
퇴거 시 청소비 8만 원은 임차인이 부담한다.,embed_kure,19,0.531150758266449,공동주택관리법 시행령_제23조_제1항,"법 제23조에 따른 관리비는 다음 각 호의 비목의 월별 금액의 합계액으로 하며, 비목별 세부명세는 별표 2와 같다.
1. 일반관리비
2. 청소비
3. 경비비
4. 소독비
5. 승강기유지비
6. 지능형 홈네트워크 설비 유지비
7. 난방비(「주택건설기준 등에 관한 규정」 제37조에 따라 난방열량을 계량하는 계량기 등이 설치된 공동주택의 경우에는 그 계량에 따라 산정한 난방비를 말한다)
8. 급탕비
9. 수선유지비(냉방ㆍ난방시설의 청소비를 포함한다)
10. 위탁관리수수료"
퇴거 시 청소비 8만 원은 임차인이 부담한다.,embed_kure,20,0.5286855697631836,민법_제635조_제1항,임대차기간의 약정이 없는 때에는 당사자는 언제든지 계약해지의 통고를 할 수 있다.
퇴거 시 청소비 8만 원은 임차인이 부담한다.,embed_kure,21,0.5280858278274536,주택임대차보호법 시행령_제10조_제4항,하나의 주택에 임차인이 2명 이상이고 이들이 그 주택에서 가정공동생활을 하는 경우에는 이들을 1명의 임차인으로 보아 이들의 각 보증금을 합산한다.
퇴거 시 청소비 8만 원은 임차인이 부담한다.,embed_kure,22,0.5276891589164734,민법_제611조_제1항,차주는 차용물의 통상의 필요비를 부담한다.
퇴거 시 청소비 8만 원은 임차인이 부담한다.,embed_kure,23,0.5271914601325989,민법_제627조_제2항,전항의 경우에 그 잔존부분으로 임차의 목적을 달성할 수 없는 때에는 임차인은 계약을 해지할 수 있다.
퇴거 시 청소비 8만 원은 임차인이 부담한다.,embed_kure,24,0.5266035795211792,민사집행법_제144조_제3항,제1항의 등기에 드는 비용은 매수인이 부담한다. <개정 2010.7.23>
퇴거 시 청소비 8만 원은 임차인이 부담한다.,embed_kure,25,0.5264631509780884,민법_제86조_제2항,청산중에 취임한 청산인은 그 성명 및 주소를 신고하면 된다.
퇴거 시 청소비 8만 원은 임차인이 부담한다.,embed_kure,26,0.5258550643920898,국토의 계획 및 이용에 관한 법률_제44조의3_제1항,"공동구의 관리에 소요되는 비용은 그 공동구를 점용하는 자가 함께 부담하되, 부담비율은 점용면적을 고려하여 공동구관리자가 정한다."
퇴거 시 청소비 8만 원은 임차인이 부담한다.,embed_kure,27,0.5253305435180664,민법_제266조_제1항,공유자는 그 지분의 비율로 공유물의 관리비용 기타 의무를 부담한다.
퇴거 시 청소비 8만 원은 임차인이 부담한다.,embed_kure,28,0.5239107012748718,공동주택관리법 시행령_제18조_제5항,"입주자대표회의 구성원에 대한 운영ㆍ윤리교육의 수강비용은 제23조제3항제8호에 따른 입주자대표회의 운영경비에서 부담하며, 입주자등에 대한 운영ㆍ윤리교육의 수강비용은 수강생 본인이 부담한다. 다만, 시장ㆍ군수ㆍ구청장은 필요하다고 인정하는 경우에는 그 비용의 전부 또는 일부를 지원할 수 있다. <개정 2018.9.11>"
퇴거 시 청소비 8만 원은 임차인이 부담한다.,embed_kure,29,0.5237289667129517,주택임대차보호법_제6조_제2항,제1항의 경우 임대차의 존속기간은 2년으로 본다. <개정 2009.5.8>
퇴거 시 청소비 8만 원은 임차인이 부담한다.,embed_kure,30,0.522062361240387,주택임대차보호법_제6조_제3항,2기(期)의 차임액(借賃額)에 달하도록 연체하거나 그 밖에 임차인으로서의 의무를 현저히 위반한 임차인에 대하여는 제1항을 적용하지 아니한다.
전세계약갱신요구권(2년) 사용으로 재계약한다.,embed_vertex,1,0.7529374361038208,주택임대차보호법_제6조의3_제2항,임차인은 제1항에 따른 계약갱신요구권을 1회에 한하여 행사할 수 있다. 이 경우 갱신되는 임대차의 존속기간은 2년으로 본다.
전세계약갱신요구권(2년) 사용으로 재계약한다.,embed_vertex,2,0.7517411708831787,민법_제268조_제2항,전항의 계약을 갱신한 때에는 그 기간은 갱신한 날로부터 5년을 넘지 못한다.
전세계약갱신요구권(2년) 사용으로 재계약한다.,embed_vertex,3,0.7415114641189575,민법_제312조_제3항,전세권의 설정은 이를 갱신할 수 있다. 그 기간은 갱신한 날로부터 10년을 넘지 못한다.
전세계약갱신요구권(2년) 사용으로 재계약한다.,embed_vertex,4,0.7398566007614136,민법_제312조_제4항,건물의 전세권설정자가 전세권의 존속기간 만료전 6월부터 1월까지 사이에 전세권자에 대하여 갱신거절의 통지 또는 조건을 변경하지 아니하면 갱신하지 아니한다는 뜻의 통지를 하지 아니한 경우에는 그 기간이 만료된 때에 전전세권과 동일한 조건으로 다시 전세권을 설정한 것으로 본다. 이 경우 전세권의 존속기간은 그 정함이 없는 것으로 본다. <신설 1984.4.10>
전세계약갱신요구권(2년) 사용으로 재계약한다.,embed_vertex,5,0.7317720055580139,농지법_제24조의2_제4항,제1항부터 제3항까지의 규정에 따른 임대차 기간은 임대차계약을 연장 또는 갱신하거나 재계약을 체결하는 경우에도 동일하게 적용한다. <개정 2020.2.11>
전세계약갱신요구권(2년) 사용으로 재계약한다.,embed_vertex,6,0.728742241859436,주택임대차보호법_제6조_제1항,임대인이 임대차기간이 끝나기 6개월 전부터 2개월 전까지의 기간에 임차인에게 갱신거절(更新拒絶)의 통지를 하지 아니하거나 계약조건을 변경하지 아니하면 갱신하지 아니한다는 뜻의 통지를 하지 아니한 경우에는 그 기간이 끝난 때에 전 임대차와 동일한 조건으로 다시 임대차한 것으로 본다. 임차인이 임대차기간이 끝나기 2개월 전까지 통지하지 아니한 경우에도 또한 같다. <개정 2020.6.9>
전세계약갱신요구권(2년) 사용으로 재계약한다.,embed_vertex,7,0.7212862372398376,주택임대차보호법_제6조의3_제3항,"갱신되는 임대차는 전 임대차와 동일한 조건으로 다시 계약된 것으로 본다. 다만, 차임과 보증금은 제7조의 범위에서 증감할 수 있다."
전세계약갱신요구권(2년) 사용으로 재계약한다.,embed_vertex,8,0.7105774879455566,민법_제312조_제1항,전세권의 존속기간은 10년을 넘지 못한다. 당사자의 약정기간이 10년을 넘는 때에는 이를 10년으로 단축한다.
전세계약갱신요구권(2년) 사용으로 재계약한다.,embed_vertex,9,0.7095999717712402,주택임대차보호법_제6조의2_제1항,제6조제1항에 따라 계약이 갱신된 경우 같은 조 제2항에도 불구하고 임차인은 언제든지 임대인에게 계약해지(契約解止)를 통지할 수 있다. <개정 2009.5.8>
전세계약갱신요구권(2년) 사용으로 재계약한다.,embed_vertex,10,0.7043952345848083,민법_제639조_제1항,"임대차기간이 만료한 후 임차인이 임차물의 사용, 수익을 계속하는 경우에 임대인이 상당한 기간내에 이의를 하지 아니한 때에는 전임대차와 동일한 조건으로 다시 임대차한 것으로 본다. 그러나 당사자는 제635조의 규정에 의하여 해지의 통고를 할 수 있다."
전세계약갱신요구권(2년) 사용으로 재계약한다.,embed_vertex,11,0.7041469812393188,주택임대차보호법_제6조의3_제1항,"제6조에도 불구하고 임대인은 임차인이 제6조제1항 전단의 기간 이내에 계약갱신을 요구할 경우 정당한 사유 없이 거절하지 못한다. 다만, 다음 각 호의 어느 하나에 해당하는 경우에는 그러하지 아니하다.
1. 임차인이 2기의 차임액에 해당하는 금액에 이르도록 차임을 연체한 사실이 있는 경우
2. 임차인이 거짓이나 그 밖의 부정한 방법으로 임차한 경우
3. 서로 합의하여 임대인이 임차인에게 상당한 보상을 제공한 경우
4. 임차인이 임대인의 동의 없이 목적 주택의 전부 또는 일부를 전대(轉貸)한 경우
5. 임차인이 임차한 주택의 전부 또는 일부를 고의나 중대한 과실로 파손한 경우
6. 임차한 주택의 전부 또는 일부가 멸실되어 임대차의 목적을 달성하지 못할 경우
7. 임대인이 다음 각 목의 어느 하나에 해당하는 사유로 목적 주택의 전부 또는 대부분을 철거하거나 재건축하기 위하여 목적 주택의 점유를 회복할 필요가 있는 경우
  가. 임대차계약 체결 당시 공사시기 및 소요기간 등을 포함한 철거 또는 재건축 계획을 임차인에게 구체적으로 고지하고 그 계획에 따르는 경우
  나. 건물이 노후ㆍ훼손 또는 일부 멸실되는 등 안전사고의 우려가 있는 경우
  다. 다른 법령에 따라 철거 또는 재건축이 이루어지는 경우
8. 임대인(임대인의 직계존속ㆍ직계비속을 포함한다)이 목적 주택에 실제 거주하려는 경우
9. 그 밖에 임차인이 임차인으로서의 의무를 현저히 위반하거나 임대차를 계속하기 어려운 중대한 사유가 있는 경우"
전세계약갱신요구권(2년) 사용으로 재계약한다.,embed_vertex,12,0.7020394802093506,주택임대차보호법_제6조의3_제4항,제1항에 따라 갱신되는 임대차의 해지에 관하여는 제6조의2를 준용한다.
전세계약갱신요구권(2년) 사용으로 재계약한다.,embed_vertex,13,0.695112407207489,국유재산법_제46조_제2항,"제1항의 대부기간이 끝난 재산에 대하여 대통령령으로 정하는 경우를 제외하고는 종전의 대부기간에 관계없이 제1항의 대부기간을 초과하지 아니하는 범위에서 종전의 대부계약을 갱신할 수 있다. 다만, 수의계약의 방법으로 대부할 수 있는 경우가 아니면 1회만 갱신할 수 있다. <개정 2026.2.19>"
전세계약갱신요구권(2년) 사용으로 재계약한다.,embed_vertex,14,0.6942218542098999,민법_제283조_제2항,지상권설정자가 계약의 갱신을 원하지 아니하는 때에는 지상권자는 상당한 가액으로 전항의 공작물이나 수목의 매수를 청구할 수 있다.
전세계약갱신요구권(2년) 사용으로 재계약한다.,embed_vertex,15,0.6938755512237549,주택임대차보호법_제6조_제2항,제1항의 경우 임대차의 존속기간은 2년으로 본다. <개정 2009.5.8>
전세계약갱신요구권(2년) 사용으로 재계약한다.,embed_vertex,16,0.692440390586853,상법_제82조_제3항,전2항의 규정은 당사자간에 다른 약정이 있으면 적용하지 아니한다.
전세계약갱신요구권(2년) 사용으로 재계약한다.,embed_vertex,17,0.688257098197937,민법_제283조_제1항,지상권이 소멸한 경우에 건물 기타 공작물이나 수목이 현존한 때에는 지상권자는 계약의 갱신을 청구할 수 있다.
전세계약갱신요구권(2년) 사용으로 재계약한다.,embed_vertex,18,0.684502124786377,화물자동차 운수사업법_제40조의2_제3항,"운송사업자가 제2항의 거절 통지를 하지 아니하거나 위ㆍ수탁계약기간 만료 전 150일부터 60일까지 사이에 위ㆍ수탁차주에게 계약 조건의 변경에 대한 통지나 위ㆍ수탁계약을 갱신하지 아니한다는 사실의 통지를 서면으로 하지 아니한 경우에는 계약 만료 전의 위ㆍ수탁계약과 같은 조건으로 다시 위ㆍ수탁계약을 체결한 것으로 본다. 다만, 위ㆍ수탁차주가 계약이 만료되는 날부터 30일 전까지 이의를 제기하거나 운송사업자나 위ㆍ수탁차주에게 천재지변이나 그 밖에 대통령령으로 정하는 부득이한 사유가 있는 경우에는 그러하지 아니하다."
전세계약갱신요구권(2년) 사용으로 재계약한다.,embed_vertex,19,0.6836749315261841,국유재산법_제35조_제3항,"제2항에 따라 갱신받으려는 자는 허가기간이 끝나기 1개월 전에 중앙관서의 장에게 신청하여야 한다. <개정 2011.3.30, 2020.6.9>"
전세계약갱신요구권(2년) 사용으로 재계약한다.,embed_vertex,20,0.6830520629882812,주택임대차보호법_제4조_제1항,"기간을 정하지 아니하거나 2년 미만으로 정한 임대차는 그 기간을 2년으로 본다. 다만, 임차인은 2년 미만으로 정한 기간이 유효함을 주장할 수 있다."
전세계약갱신요구권(2년) 사용으로 재계약한다.,embed_vertex,21,0.6829792261123657,국유재산법_제46조_제3항,제2항에 따라 갱신을 받으려는 자는 대부기간이 끝나기 1개월 전에 중앙관서의 장등에 신청하여야 한다. <개정 2011.3.30>
전세계약갱신요구권(2년) 사용으로 재계약한다.,embed_vertex,22,0.6827232837677002,민사소송법_제449조_제3항,제2항의 기간은 불변기간으로 한다.
전세계약갱신요구권(2년) 사용으로 재계약한다.,embed_vertex,23,0.6813743114471436,국유재산법_제35조_제2항,"제1항의 허가기간이 끝난 재산에 대하여 대통령령으로 정하는 경우를 제외하고는 종전의 허가기간에 관계없이 5년을 초과하지 아니하는 범위에서 종전의 사용허가를 갱신할 수 있다. 다만, 수의의 방법으로 사용허가를 할 수 있는 경우가 아니면 1회만 갱신할 수 있다. <개정 2026.2.19>"
전세계약갱신요구권(2년) 사용으로 재계약한다.,embed_vertex,24,0.6805326342582703,민법_제312조_제2항,건물에 대한 전세권의 존속기간을 1년 미만으로 정한 때에는 이를 1년으로 한다. <신설 1984.4.10>
전세계약갱신요구권(2년) 사용으로 재계약한다.,embed_vertex,25,0.6792954206466675,민법_제729조_제2항,전항의 경우에도 제727조의 권리를 행사할 수 있다.
전세계약갱신요구권(2년) 사용으로 재계약한다.,embed_vertex,26,0.678909182548523,주택임대차보호법 시행령_제6조_제1항,"제5조제1호 또는 제5호에 해당하는 자는 법 제3조의6제3항에 따라 확정일자부여기관에 해당 임대차계약(제5조제5호에 해당하는 자의 경우에는 갱신요구가 거절되지 않았더라면 갱신되었을 기간 중에 존속하는 임대차계약을 말한다)에 관한 다음 각 호의 사항의 열람 또는 그 내용을 기록한 서면의 교부를 요청할 수 있다. <개정 2020.9.29>
1. 임대차목적물
2. 임대인ㆍ임차인의 인적사항(제5조제5호에 해당하는 자는 임대인ㆍ임차인의 성명, 법인명 또는 단체명으로 한정한다)
3. 확정일자 부여일
4. 차임ㆍ보증금
5. 임대차기간"
전세계약갱신요구권(2년) 사용으로 재계약한다.,embed_vertex,27,0.6786224842071533,화물자동차 운수사업법_제40조_제5항,제3항에 따른 위ㆍ수탁계약의 기간은 2년 이상으로 하여야 한다. <신설 2014.5.28>
전세계약갱신요구권(2년) 사용으로 재계약한다.,embed_vertex,28,0.6783856153488159,민사소송법_제483조_제2항,"제1항의 새 기일은 공시최고기일부터 2월을 넘기지 아니하여야 하며, 공고는 필요로 하지 아니한다."
전세계약갱신요구권(2년) 사용으로 재계약한다.,embed_vertex,29,0.676432728767395,민법_제237조_제3항,전2항의 규정은 다른 관습이 있으면 그 관습에 의한다.
전세계약갱신요구권(2년) 사용으로 재계약한다.,embed_vertex,30,0.676432728767395,민법_제229조_제3항,전2항의 규정은 다른 관습이 있으면 그 관습에 의한다.
전세계약갱신요구권(2년) 사용으로 재계약한다.,embed_kure,1,0.7486780881881714,주택임대차보호법_제6조의3_제2항,임차인은 제1항에 따른 계약갱신요구권을 1회에 한하여 행사할 수 있다. 이 경우 갱신되는 임대차의 존속기간은 2년으로 본다.
전세계약갱신요구권(2년) 사용으로 재계약한다.,embed_kure,2,0.6836006045341492,민법_제312조_제3항,전세권의 설정은 이를 갱신할 수 있다. 그 기간은 갱신한 날로부터 10년을 넘지 못한다.
전세계약갱신요구권(2년) 사용으로 재계약한다.,embed_kure,3,0.6551440954208374,주택임대차보호법_제4조_제1항,"기간을 정하지 아니하거나 2년 미만으로 정한 임대차는 그 기간을 2년으로 본다. 다만, 임차인은 2년 미만으로 정한 기간이 유효함을 주장할 수 있다."
전세계약갱신요구권(2년) 사용으로 재계약한다.,embed_kure,4,0.6544732451438904,민법_제312조_제1항,전세권의 존속기간은 10년을 넘지 못한다. 당사자의 약정기간이 10년을 넘는 때에는 이를 10년으로 단축한다.
전세계약갱신요구권(2년) 사용으로 재계약한다.,embed_kure,5,0.6338976621627808,주택임대차보호법_제6조의3_제3항,"갱신되는 임대차는 전 임대차와 동일한 조건으로 다시 계약된 것으로 본다. 다만, 차임과 보증금은 제7조의 범위에서 증감할 수 있다."
전세계약갱신요구권(2년) 사용으로 재계약한다.,embed_kure,6,0.63383549451828,주택임대차보호법_제6조_제2항,제1항의 경우 임대차의 존속기간은 2년으로 본다. <개정 2009.5.8>
전세계약갱신요구권(2년) 사용으로 재계약한다.,embed_kure,7,0.6320481300354004,농지법_제24조의2_제4항,제1항부터 제3항까지의 규정에 따른 임대차 기간은 임대차계약을 연장 또는 갱신하거나 재계약을 체결하는 경우에도 동일하게 적용한다. <개정 2020.2.11>
전세계약갱신요구권(2년) 사용으로 재계약한다.,embed_kure,8,0.6257410645484924,주택임대차보호법_제4조_제2항,임대차기간이 끝난 경우에도 임차인이 보증금을 반환받을 때까지는 임대차관계가 존속되는 것으로 본다.
전세계약갱신요구권(2년) 사용으로 재계약한다.,embed_kure,9,0.6063672304153442,주택임대차보호법_제6조_제1항,임대인이 임대차기간이 끝나기 6개월 전부터 2개월 전까지의 기간에 임차인에게 갱신거절(更新拒絶)의 통지를 하지 아니하거나 계약조건을 변경하지 아니하면 갱신하지 아니한다는 뜻의 통지를 하지 아니한 경우에는 그 기간이 끝난 때에 전 임대차와 동일한 조건으로 다시 임대차한 것으로 본다. 임차인이 임대차기간이 끝나기 2개월 전까지 통지하지 아니한 경우에도 또한 같다. <개정 2020.6.9>
전세계약갱신요구권(2년) 사용으로 재계약한다.,embed_kure,10,0.603761613368988,민법_제283조_제1항,지상권이 소멸한 경우에 건물 기타 공작물이나 수목이 현존한 때에는 지상권자는 계약의 갱신을 청구할 수 있다.
전세계약갱신요구권(2년) 사용으로 재계약한다.,embed_kure,11,0.6035579442977905,민법_제268조_제2항,전항의 계약을 갱신한 때에는 그 기간은 갱신한 날로부터 5년을 넘지 못한다.
전세계약갱신요구권(2년) 사용으로 재계약한다.,embed_kure,12,0.6032930612564087,민법_제316조_제1항,전세권이 그 존속기간의 만료로 인하여 소멸한 때에는 전세권자는 그 목적물을 원상에 회복하여야 하며 그 목적물에 부속시킨 물건은 수거할 수 있다. 그러나 전세권설정자가 그 부속물건의 매수를 청구한 때에는 전세권자는 정당한 이유없이 거절하지 못한다.
전세계약갱신요구권(2년) 사용으로 재계약한다.,embed_kure,13,0.6014402508735657,민법_제315조_제2항,전항의 경우에 전세권설정자는 전세권이 소멸된 후 전세금으로써 손해의 배상에 충당하고 잉여가 있으면 반환하여야 하며 부족이 있으면 다시 청구할 수 있다.
전세계약갱신요구권(2년) 사용으로 재계약한다.,embed_kure,14,0.6007423996925354,민법_제622조_제2항,건물이 임대차기간만료전에 멸실 또는 후폐한 때에는 전항의 효력을 잃는다.
전세계약갱신요구권(2년) 사용으로 재계약한다.,embed_kure,15,0.5951746702194214,주택임대차보호법_제6조의3_제4항,제1항에 따라 갱신되는 임대차의 해지에 관하여는 제6조의2를 준용한다.
전세계약갱신요구권(2년) 사용으로 재계약한다.,embed_kure,16,0.5917761325836182,민법_제310조_제1항,전세권자가 목적물을 개량하기 위하여 지출한 금액 기타 유익비에 관하여는 그 가액의 증가가 현존한 경우에 한하여 소유자의 선택에 좇아 그 지출액이나 증가액의 상환을 청구할 수 있다.
전세계약갱신요구권(2년) 사용으로 재계약한다.,embed_kure,17,0.589638352394104,민법_제312조_제4항,건물의 전세권설정자가 전세권의 존속기간 만료전 6월부터 1월까지 사이에 전세권자에 대하여 갱신거절의 통지 또는 조건을 변경하지 아니하면 갱신하지 아니한다는 뜻의 통지를 하지 아니한 경우에는 그 기간이 만료된 때에 전전세권과 동일한 조건으로 다시 전세권을 설정한 것으로 본다. 이 경우 전세권의 존속기간은 그 정함이 없는 것으로 본다. <신설 1984.4.10>
전세계약갱신요구권(2년) 사용으로 재계약한다.,embed_kure,18,0.5866576433181763,농지법_제24조의2_제2항,"임대차 기간을 정하지 아니하거나 제1항에 따른 기간 미만으로 정한 경우에는 제1항에 따른 기간으로 약정된 것으로 본다. 다만, 임차인은 제1항에 따른 기간 미만으로 정한 임대차 기간이 유효함을 주장할 수 있다. <개정 2020.2.11>"
전세계약갱신요구권(2년) 사용으로 재계약한다.,embed_kure,19,0.5841690301895142,국유재산법_제35조_제3항,"제2항에 따라 갱신받으려는 자는 허가기간이 끝나기 1개월 전에 중앙관서의 장에게 신청하여야 한다. <개정 2011.3.30, 2020.6.9>"
전세계약갱신요구권(2년) 사용으로 재계약한다.,embed_kure,20,0.5839955806732178,도시 및 주거환경정비법_제70조_제2항,"제1항에 따라 계약을 해지할 수 있는 자가 가지는 전세금ㆍ보증금, 그 밖의 계약상의 금전의 반환청구권은 사업시행자에게 행사할 수 있다."
전세계약갱신요구권(2년) 사용으로 재계약한다.,embed_kure,21,0.5813552737236023,민법_제639조_제1항,"임대차기간이 만료한 후 임차인이 임차물의 사용, 수익을 계속하는 경우에 임대인이 상당한 기간내에 이의를 하지 아니한 때에는 전임대차와 동일한 조건으로 다시 임대차한 것으로 본다. 그러나 당사자는 제635조의 규정에 의하여 해지의 통고를 할 수 있다."
전세계약갱신요구권(2년) 사용으로 재계약한다.,embed_kure,22,0.5809553861618042,국유재산법_제46조_제3항,제2항에 따라 갱신을 받으려는 자는 대부기간이 끝나기 1개월 전에 중앙관서의 장등에 신청하여야 한다. <개정 2011.3.30>
전세계약갱신요구권(2년) 사용으로 재계약한다.,embed_kure,23,0.5795677900314331,민사소송법_제449조_제3항,제2항의 기간은 불변기간으로 한다.
전세계약갱신요구권(2년) 사용으로 재계약한다.,embed_kure,24,0.5780889391899109,민법_제839조의2_제3항,제1항의 재산분할청구권은 이혼한 날부터 2년을 경과한 때에는 소멸한다.
전세계약갱신요구권(2년) 사용으로 재계약한다.,embed_kure,25,0.5778254270553589,민법_제312조_제2항,건물에 대한 전세권의 존속기간을 1년 미만으로 정한 때에는 이를 1년으로 한다. <신설 1984.4.10>
전세계약갱신요구권(2년) 사용으로 재계약한다.,embed_kure,26,0.5774168968200684,민법_제591조_제1항,"환매기간은 부동산은 5년, 동산은 3년을 넘지 못한다. 약정기간이 이를 넘는 때에는 부동산은 5년, 동산은 3년으로 단축한다."
전세계약갱신요구권(2년) 사용으로 재계약한다.,embed_kure,27,0.5746940970420837,민법_제644조_제2항,전항의 경우에 임대인이 임대할 것을 원하지 아니하는 때에는 제283조제2항의 규정을 준용한다.
전세계약갱신요구권(2년) 사용으로 재계약한다.,embed_kure,28,0.574025571346283,부동산등기법_제73조_제2항,"제1항의 전세권 일부이전등기의 신청은 전세권의 존속기간의 만료 전에는 할 수 없다. 다만, 존속기간 만료 전이라도 해당 전세권이 소멸하였음을 증명하여 신청하는 경우에는 그러하지 아니하다."
전세계약갱신요구권(2년) 사용으로 재계약한다.,embed_kure,29,0.5718110203742981,민법_제635조_제1항,임대차기간의 약정이 없는 때에는 당사자는 언제든지 계약해지의 통고를 할 수 있다.
전세계약갱신요구권(2년) 사용으로 재계약한다.,embed_kure,30,0.570880651473999,민법_제591조_제3항,"환매기간을 정하지 아니한 때에는 그 기간은 부동산은 5년, 동산은 3년으로 한다."
